id_client,nom,Ã¢ge,email
ab46b1fb-d9ce-459f-a6cf-b98f9f7fb1a8,William Valdez,67,phoffman@erickson-stafford.com
92b324fd-6400-4379-bb08-5df283ba3852,Jason Scott,21,williamskaitlyn@gmail.com
66503556-4fce-4275-a708-6bc24bf57b13,Dale Reed,70,simslauren@johnston-calderon.com
66082d91-8153-442e-b450-4525f2c4def8,Derek Green,21,wolfecory@yahoo.com
d20183f9-c63e-47ba-ba13-b105832f4dfb,Katherine Stephens,71,tracy43@yahoo.com
857d23cf-12a1-4a53-b258-5655c42a7f3f,Dorothy Soto,43,tracy30@gmail.com
e452d7fd-90ea-4458-af27-00a8918f1839,Timothy Barker,79,gallagherbilly@hotmail.com
8872bc01-c00f-4827-a440-92f7a6164341,Gregory Hill,80,pwillis@haynes.info
ee4d6542-e14b-4b96-8421-ca50c58b3032,Katrina Jones,18,mariataylor@david-kennedy.org
d3441f38-4026-4d2b-9f1e-8c4bff6a7fc9,Alec Pope,50,jchandler@garner-reynolds.com
72e51b2d-f5ce-4adf-af98-7e0eda78cc62,Janet Green,73,yharding@hotmail.com
775f690d-2542-42cd-be2a-d08ecb8ab1c8,Connor Humphrey,47,laurenanderson@gmail.com
0b33d68e-f3d1-4e24-bda0-acc4c1cb22eb,Nathan Ward,76,anne44@yahoo.com
0fcd0128-401b-4b70-82f7-a4ef87c87e4d,Anna Jones,38,csullivan@hernandez.info
76cc13f0-d389-4c78-9b0f-343e67f9b770,Jon Hester DVM,43,salasandrew@parks-garcia.biz
bca7e431-eb99-4c8d-a675-4707763dc3f4,Kelly Hawkins,50,hfleming@yahoo.com
12e9a0cd-29ed-4303-846c-82e4d4a7969a,Mark Robinson,35,josephcooper@gmail.com
fac670ca-32be-478c-b5f9-073b494461d5,Joan Mcfarland,44,gerald00@richardson.biz
6a3535bb-4752-4a55-b9eb-02b01083bad6,Taylor Rubio,32,cathy73@yahoo.com
678a3bf5-7100-4fcd-aa89-1c6f540da445,Stephanie Parker,53,walter32@hotmail.com
2a829391-16cf-4f10-9d46-999cfab02d56,Jordan Knox,27,ptorres@ward.info
973109d8-4362-43e0-9395-07f1e37177c5,Ryan Walker,46,gentrymichelle@salinas.com
5ffae039-ac70-434d-ab7a-5cf3953ccc25,Kelly Taylor,61,brandonmaxwell@yahoo.com
be7ad097-b6b4-42e8-aca4-6441826fa3fa,John Larson,30,parksashley@gmail.com
9f85c640-a6df-41df-803b-355bce2fd252,Amy Steele,63,angelacortez@beard.com
b39c42f6-a5ca-454b-9a0f-cc5d6332436f,Joseph Woods,75,mullinsmichael@carr.com
a8e22e25-78b5-4371-a362-d38cdf3111df,Aaron King,27,rodriguezdiana@frost.info
162d00f3-30fa-45e6-8aab-b5b4d093ec68,Michael Keller,44,gonzalesblake@gmail.com
b4ec5ba2-b808-45e0-b0f7-6bdd2530cb20,Dr. Henry Wilson MD,46,vincentho@hotmail.com
b1365535-cfc1-457d-9f2f-736d81427cd3,Lisa Collins,29,vlevy@hotmail.com
1ad3da27-0e1d-4fc6-868a-d64e623e3b06,Stephen Price,42,brent20@alvarez.com
88fc9d49-5435-4e2a-9eb5-d6877814b479,Daniel Nielsen,79,hmcmillan@gmail.com
a40a5397-2670-4128-8622-714e668c1060,Donna Perkins,47,beckmegan@greene-petersen.com
b0239558-b69c-4f75-83d5-22e9e6b31d96,Joshua Crawford,74,zwilkerson@hotmail.com
745f98d2-ca94-4d31-9b67-6ea0a0ed4429,Tasha Houston,20,bstewart@gmail.com
b3607049-0779-4fe1-8a98-d2059e7dd3d7,Todd Kelley,74,paulgray@hotmail.com
e7250ce8-3f16-40ec-a4d6-d33245310259,Bianca Wade,66,brittanymathews@gonzalez-santos.org
5c3410ec-28ff-425e-838a-9304f57a8125,Lauren Pena,60,lewisstephanie@glover-peters.com
0f48c97b-f06e-463b-a1ff-128b6861d3a2,Jonathan Baker,31,foxeduardo@lewis.org
a4617ad9-d0c0-49f4-8e99-daeb5cfc8e1a,Timothy Jones,70,uking@aguilar.com
4cf5c21d-9d6a-4732-bdaa-82de04516e76,Rhonda Contreras,30,debrasanchez@garrett.com
ad8c34a6-9233-4c7d-878b-f53db0ec979f,Nicole Brown,79,fernandezchristopher@gmail.com
92d74553-e482-4f2d-b028-740e945c8f23,Michael Griffin,45,oaguirre@garcia-barr.biz
ef99e6cb-87d0-4bb1-a151-3faa89bf7e5c,James Howard,34,miguelrocha@gmail.com
acbafa48-2724-4d04-b3c7-d7e35ad109c0,Mark Ramirez,72,christian41@gmail.com
d974c46a-84e2-47e1-a55f-38aca45aebc2,Wesley Carter,18,christina26@hotmail.com
94a01f04-4eb9-4b84-8e23-1ef0611bb34f,Kendra Castillo,57,jessicastewart@hill.info
0a9c07cd-47d4-4508-b5ad-5578e37e8848,Brandon Davis,37,courtney61@gray.com
29a2786d-80b4-4218-96d5-21943bb9e67e,Bethany Duran,20,brendagill@hotmail.com
f86e8b14-2e42-4c4c-b4b9-a7cc524bb663,Karen Silva,66,schneidernathaniel@smith.net
b0164e8e-bf19-494a-8cbb-2101b33e7cbe,Donna Hall PhD,18,mark68@patterson.com
be7b5959-d065-4889-9701-3a99eadcbeeb,Teresa Mahoney,22,alexandermcdowell@yahoo.com
729a5c92-9fc7-44d3-8966-8263cdc94510,Megan Savage,71,nelsonebony@hotmail.com
bee03e68-4acd-4367-a473-403a838628bf,Michael Nelson,76,jessica86@mendoza.biz
7f599757-a796-4a67-98a5-fdf5b12dd168,Amy Scott,42,shelby64@silva.biz
72dee9ca-e294-42a3-afa9-301440222301,Kendra Gentry,34,michael22@hotmail.com
85b19af2-22d4-435e-8ef3-a2e558a4b619,Jeffrey Olson,40,vvelasquez@gmail.com
3b367899-7cee-4ffc-bb1c-8a3213037669,David Hale,48,cindyrodriguez@hunter.info
d67fa8e0-e629-4e73-81f2-23dfe618e48e,Alexis Mcguire,76,roserebecca@cooper-matthews.com
687901c7-edca-4034-9ea6-640746e822f2,Sarah Williams,58,fred00@cruz-hernandez.biz
2571be18-7ce7-4b34-ac9b-0ec11596e635,Alexis Hernandez,44,mary16@gmail.com
31fb59cb-82cf-4fc6-8e9b-36b121ebbd45,Andrew Manning,59,christophercrawford@hotmail.com
0a96c4ef-bf58-4aef-9eb2-d4aeede104bc,David Odonnell,50,jamiewilson@watkins.com
fa11abc6-b95b-49b9-88cb-f75bf47ee983,David Diaz,75,qward@adams-becker.info
cd55ad18-237d-46e8-9e8a-29898f4598ff,John Chapman,40,lorikim@yahoo.com
5859287a-82d4-4dd0-a6c5-21f8c13e3ba5,Kristina Campbell,76,qfletcher@logan-davis.net
f23bd234-cb18-4f02-a07a-03e93cb80c4a,Andre Thompson,56,nvance@gmail.com
c6de0c2d-60ce-4f08-8811-ea14e1193c25,Janet Bradley,42,nadkins@yahoo.com
af5a413f-465e-42a8-9adc-c7ba02e573fc,Tammy Schroeder,65,sanchezzachary@anderson.com
2582b983-ea00-4df8-80df-000a326b438c,Jacob Webster,19,qlong@gmail.com
ab99e7de-5521-4515-b662-bb1f104cf5af,Jeffery Lloyd,71,steven96@hotmail.com
87d91870-627a-4928-9465-591e31cfc573,David Mercer,58,yateschristopher@hotmail.com
fca1ecd7-b54f-409c-a091-f7ac63f89d87,Tiffany Zimmerman,54,valerie58@gmail.com
47e9857d-c11f-4889-b507-30357d8b5ca0,Nancy Jackson,71,elizabeththomas@yahoo.com
0758c8dc-82a9-4855-b45f-bd9e8fcc0872,Michael Donaldson,19,vanessasimpson@bennett-hunter.info
f39a62f7-982e-4f70-9218-b8ec092ef1c6,Caitlin Perez,18,nathanharris@gmail.com
e0fa17f5-0520-4152-9687-a48663435770,Sarah Ramos,41,yhanna@davis.info
146099ec-a35a-4b5e-a32d-891435f9ebb5,Deborah Barnes,28,aaronsmith@gmail.com
93ddb7de-bb71-41e2-8e63-d49221f87cd3,Marie Crawford,39,mmacdonald@parker.biz
6c7db2f5-4928-412b-b8c4-c1f2a6abecf1,Jeremy Snow,65,msheppard@lopez.com
0184e071-cfc4-4037-8c3a-e54f79c8e1ca,Margaret Patterson,30,collin67@gmail.com
5dcaf6c3-43b0-4ef9-9ea0-ac9d6e34386e,Jacqueline Hansen,49,aking@hoffman.com
bc37b1f5-df79-4f42-b6d1-d5ff599112f2,Jacob White,24,aclark@gmail.com
8bf62307-3df9-4860-a5bf-05cee96ac1a6,Brenda Sullivan,27,ashleyroberts@stephens.biz
bdb68059-b277-4740-8f1d-265f63c3e978,Jerome Gonzalez,58,julie35@hotmail.com
235bc60c-46e0-4c30-98a2-115fa5cb50dc,Barry Lowe,64,jhurley@hotmail.com
1ab01dd7-8393-46b8-8428-e9762b6a164a,Nancy Ross,74,xcisneros@smith.com
b00010c1-5d1a-4d60-8cf7-acaea40f288d,Connie Evans,39,arielward@young.info
e956147d-3224-449f-83bb-38d261d7e2b1,Stephanie Shea,74,jonesbrandy@gmail.com
ce494033-6f8c-4a0a-a691-ec6833c7a7a3,James Evans,22,jasonsims@hotmail.com
1181b184-5b58-4fb2-a48e-03edbfe64b4f,Lisa Irwin,52,vincentkelley@rodriguez-martin.net
27ce6e97-2d02-4322-89b2-53ad18f962df,Mary Thomas,27,traceysanchez@soto-villa.com
02d82d4f-40aa-48e8-8fa9-d7c742d4e2e6,Amanda Erickson,40,changthomas@gmail.com
df74e6f6-4489-43cb-837e-64be70ac6648,Kristina Padilla,19,salazardebra@jenkins.biz
12a51fec-3d22-4971-9c60-f70be3889069,Amber Scott,29,randy46@yahoo.com
2cd45710-1cb8-4913-a2bb-373630e60eb5,Ray Harris,41,greencynthia@young.com
9eefb802-7885-427f-87af-61bfe3038a04,Kristina Adams,51,qreyes@hotmail.com
74689419-667b-4edf-9fff-dba38f4c9d18,Michael Burns,27,fward@yahoo.com
913ac324-64df-49b7-a8f6-3f81f5597363,Billy Cohen,25,thomas39@robinson.com
972197b9-ec54-4ccd-977b-860dc1890154,Daniel Mckinney,50,thardin@hotmail.com
99b8c0de-2459-4576-be5f-4a0420289f3d,Stephen Stewart,20,christinareed@novak.com
99af4866-70c0-4e9d-8777-7cc4b919dec0,Danielle Smith,69,robertswilliam@yahoo.com
fc10a6c2-fba8-4836-a77a-176cf19c3cb3,Teresa Fernandez,53,davidkane@baker.com
aa3dc2d4-5965-4c85-a704-c0fb6718e6f7,Scott Curry,75,edavis@yahoo.com
03dfa58a-7a08-4d37-8a60-7b314face48a,David Bennett,59,kimberly59@gmail.com
41913d90-e9a3-48c8-ad22-5b899f8a616e,Amber Davis,29,elizabeth22@taylor.com
9d30a7b0-7a33-4c80-a864-6e054d5f627c,Tiffany Flores,73,russowalter@yahoo.com
7b499dc8-5e8f-4c3a-a5c7-5a796ee90d5b,Robert Morgan,71,bjordan@yahoo.com
1e97eff2-6e42-4224-831b-10ed4fe46ef8,Lauren Sanders,20,angelafrazier@carter-ellis.com
5bdf0845-f4f3-4823-a65e-f7a1cd87a3f3,Ashley Carter,60,tharvey@stewart-dyer.com
c1c93d73-e885-497a-a98f-9560d86040ea,Gabriel Phillips,23,jtaylor@yahoo.com
8efe1d9f-1a76-46dc-954c-848d9e4c4590,Angela Tate,46,zmurray@gmail.com
8b58e60d-74ae-4c16-81be-a59f0b5c2da3,Jordan Evans,64,victoria60@bauer.net
90dce4c7-4fca-4b82-8ef1-94c5fe5e1c34,Tara Mullins,32,margaretmorgan@hotmail.com
d79ff707-4d97-416c-9383-937d9b05aab3,Joshua Barajas,47,gduncan@harris-tucker.info
0f5d5712-b6a5-404a-8e93-1654dad2e369,Brian Aguilar,72,brittanyjones@salazar-smith.com
052fa3ed-0139-4649-b3f0-353ac468ba0b,Sarah Richardson,58,wilsonshannon@swanson-mclaughlin.com
a0ab5062-1c76-4c94-a7e1-07595ebe2c8a,Anthony Hall,28,crawfordjeffery@walker.info
c2f3b826-f433-4f0a-88e6-c061254cf6da,Walter Bell,67,morrisgregory@escobar.com
7066408d-908b-4914-ace2-5a857285ab8c,Ricky Henson,48,logan77@price.info
ab8b5ad7-9578-4267-b0a0-34a196e7fd52,Christopher Benton,52,williamstyler@gmail.com
0a5d0b78-d50b-43c7-bd4d-3da2197c93e9,Veronica Saunders,59,paige56@davis.org
9b2f0dd8-2c86-4d2c-b7c2-76f67a2d5de7,Donna Morgan,33,brianryan@yahoo.com
0034838c-dad3-4d3e-a849-99c925d0e33a,Edward Key,61,ycalhoun@aguilar-brown.com
35287aea-0c45-4b72-bcfa-ff2dbe8a48f5,William Foster,26,cynthiavance@yahoo.com
4803ccce-7bea-4684-83fd-87b11e2643da,Steven Jones,28,elliskristina@rice.org
53b3aa98-d66a-4a0d-a4e7-7f7685fb2900,Stephanie Kim,60,ymiller@gmail.com
0bd31f7d-9ff1-40c7-b85b-66cf6065ad90,Kevin Cole,51,ble@jones.com
11b6de08-d2d5-44ac-9533-5a5e4f8a5394,Christina Atkins,68,greenkenneth@hall.com
d618c031-d67a-4889-963e-d4cbf82ad08f,Sandy Taylor,77,wwright@hotmail.com
4a4b124b-1951-4dd8-8d03-d81c7017f924,Michael Mcdonald PhD,73,michael87@gmail.com
5cdde929-44db-406b-908f-12719afed5a0,Aaron Meyers,40,adamrios@yahoo.com
b48a8e8d-6a75-4ea6-8370-c1079db7d998,Jasmin Jordan,75,millstraci@gmail.com
75d1cb39-b156-423e-870c-096971675610,Yolanda Barrett,29,mstone@yahoo.com
fe435ba9-8c52-4db3-ac3c-fd7e0c54add2,Amy Stafford,53,wolfedustin@gmail.com
87a1478c-1bbc-4421-aaac-6b15cd3370c1,Judith Mason,32,lori33@hotmail.com
ea1ab638-ebbd-4c54-acb0-947d4cbf0fe5,Rebecca Hodges,22,emilysanders@gmail.com
c61741a3-c116-4bb0-b9c9-05418c89b21a,David Collins,66,garciasarah@gmail.com
049b3c01-4768-429b-ae73-450dadc7c73f,Jane Allen,71,xlowery@gmail.com
e4fe6e55-9ea4-43d3-ac3d-1c61834468ed,Jerry Jackson,54,harrischristopher@hotmail.com
74dd42d1-d1d6-4e3f-a83d-8a99dc5b77a7,Savannah Santos,21,lfarmer@gmail.com
8f034789-a569-47a1-a906-df0209f08beb,Jason Hogan,35,corey62@day.net
788ce912-0f44-4083-9b15-26ef41192513,Angela Fuentes,44,whitney95@proctor.org
e714b6d4-8d8c-46c7-b191-5de44b722671,Destiny Thompson,44,claire17@jones-johnson.net
40e708cc-f298-4c2e-9311-d82167747888,Ronald Ryan,65,tkane@gonzales-cline.com
290c964a-eb04-4114-afce-50af5ec0beca,Joanna Jones,45,kristinshort@baker-herrera.com
37b26af7-62ea-4cb7-af45-e14e7ae16f40,Natalie Williams,53,cameronrobinson@gutierrez.com
a4999e6b-afa3-47d2-8354-daf1f284a5b9,John Henry,59,johnsoncurtis@nichols-elliott.com
6abc56fa-4c46-4250-a259-0153664dda66,Aaron Hancock,36,hodgesmichelle@yahoo.com
e51fd86e-f32f-40d1-ba99-137379524660,Kathryn Zavala,46,charlesbradshaw@yahoo.com
a03e8efc-d8e2-43f9-9d3c-54caa952c52d,Ellen Smith,50,scabrera@carpenter-roy.com
a123e1fa-5fda-4acc-835e-65b73fc73bf8,Julie Manning,64,danielcook@yahoo.com
df73651e-5a29-4fc9-9ee1-b694178b2b21,Travis Williams,78,donovanjordan@nichols.com
f392fe47-4533-40fb-a34e-d3d6b4d9a6ab,Bethany Fields,45,kristenshaffer@clark.com
861129e8-ca4f-401e-9fa8-bb62ab55c1a5,Derek Mccullough,33,jonesbrandi@maldonado-watkins.net
1e6bdd39-11fb-4473-958f-e846b13df03e,Megan Lang,80,pamela84@kaufman.com
2cb126b9-5fef-4913-96b7-6c0b07184c22,Tony Kent,18,nicolekennedy@durham-harvey.com
702aabe4-b90e-4ec4-bf22-adff399cd6eb,Paula Freeman,70,johnlewis@gmail.com
3a403bf9-1d16-4058-a584-a9932aa44288,Nancy Cherry,60,mitchellphilip@terry.com
80a917bf-3870-4243-86aa-d9cd6c20d417,Alexis Nguyen,76,lynn32@yahoo.com
f7f5dc4c-0192-422d-b429-f7090de57c88,Ryan Williams,78,prichardson@yahoo.com
60ea35a4-0d6f-4981-bd7d-fc89a663cea4,Jason Hall,58,davistammy@anderson-hughes.com
dd13587a-a3bb-4b7d-b222-1f911d71af69,Barbara Brown,51,richard10@gmail.com
101c3e2a-127b-499e-9634-ebd4de440848,Mary Garcia,54,jeffrey47@blake.net
db005b25-e886-431d-b950-4c2c04ae8df9,Jonathan Williams,60,frenchpatricia@gallegos.com
6d7c6f95-a1cd-4358-b735-c864c3316ec3,Suzanne Gardner,67,rachel54@daniels.info
2a266160-16a5-4469-9bc8-daf7d52a62c5,Chad Clark,30,tarabenton@boyd-jones.biz
e95eaf9f-614e-452d-be98-65c9c61c2e8b,Denise Tucker,46,rvargas@brown.com
3ca40a70-adad-4258-a70a-45c8e55dde2e,Melissa Jones,40,orobinson@yahoo.com
cc14d6e0-0d3d-4863-a03e-4e40ac30a532,Michael Howell,59,markmcgee@miller.com
52d18552-53b2-4fe1-89cc-5f4e59d5c3be,Rebecca Bradley,28,yfleming@fernandez-jones.com
8eae8d0f-e817-4e05-8c8a-29a6083c5127,Evan Gonzalez,21,julierobinson@gmail.com
2fc4273a-7365-421d-819a-5aaf3e10ee40,Joan Garcia,21,troman@francis-dominguez.com
9b9529d5-9452-4e33-8226-b4d136597319,Thomas Hudson,73,marycohen@yahoo.com
508d55c9-d7a5-4c36-abb0-87041cd9dee9,Andrew Brown,73,sarahscott@lee-fuller.com
3cfd7f44-4a15-47be-b7c2-c96f0f20df84,Jeff Lee,61,wrice@rogers.com
6d722576-ba57-44c6-8983-127185c2b417,Jose Graham,67,kristin53@yahoo.com
7d1d3190-8a55-41a0-a696-a00903aeff91,Stephanie Bradley,39,tony57@boyer-harris.com
2ab90466-aff7-45e1-a0d6-a80b5a1c7b26,Thomas Sanchez,18,ruben77@rios.com
02ba2baa-3db3-488a-b2a7-0ae46b04d995,Peter Weber,78,justinproctor@hotmail.com
8fc86bea-ef35-4c6b-9bfd-0d6e3e56b619,Billy Ray,72,shawnmercado@sanchez.com
3f672c79-7e37-4a60-a629-4b3eab941bde,Jason Brown,48,llopez@gmail.com
d97c7876-c235-4991-bcea-0cdf9fc36719,Bonnie Smith,73,tpatton@gmail.com
9f44f539-76c5-4b53-8f1a-997b305e8759,Devin Jenkins,71,jgreen@montoya-cunningham.info
058f2010-3b79-4a9e-aafc-ca1a1f76ade8,Robert Johnson,77,coleshane@brown.com
8c91c7e3-9fe1-4d4a-8762-56b8e5fc0754,Courtney Smith,25,mhernandez@smith.com
1a02b296-11de-4ab6-8238-ef1ef876fcd6,Benjamin Burns,33,nchen@zamora.org
b221a101-c7eb-4af3-8cce-8b2a9131dd22,Seth Huffman,58,veronica04@bennett-peterson.com
4373e3c6-0c8f-4a73-8896-121c59b0c9dd,Heather Harrison,78,davidpennington@hotmail.com
66e4a33c-d06c-4843-a9a0-e53989ae8949,Ricky Taylor,58,jacksonarthur@gmail.com
45734d82-743d-444c-8cea-86777ba35080,Brittany Hill,34,reyestodd@norris.com
9781ad3b-410e-46dc-8a56-29c418725ede,Christine Warren,52,jessica85@yahoo.com
06a7bec7-7c19-43ea-8cb3-fa212eb9a187,Brian Scott,34,amberadams@smith-reed.biz
8c0548a3-42e4-4e07-a1cc-4eb732453596,Lisa Becker,19,nsmith@hotmail.com
c16ba565-74fd-4cef-95a7-b80461503e2f,James Shields,27,xwhitaker@mathews.com
381b7e51-226e-41fd-ab04-14854a20a47b,Paul Thompson,64,hooverchristian@yahoo.com
3f3037e4-cd28-4e0b-8297-698ef547cdde,Thomas Kelley,69,claudiagallagher@yahoo.com
1de75d0a-2897-4942-8cff-e84d1ee9d0e1,Matthew Fischer,32,breannadecker@gmail.com
1246730c-d9e8-4f24-a29a-62184a55ca7c,Tamara Hernandez,27,curtis45@anderson.com
530b836f-03fa-48a6-b09c-071e988c9f22,Cassandra Kidd,51,dustinwarner@adams.biz
b51fbbde-cbcb-429a-a53d-f300ffa6e3a6,James Johnson,45,zmoreno@yahoo.com
f40b7690-f6a3-4994-be10-8d5442a83af2,Amy York,56,wross@hotmail.com
914bcec5-a232-483a-a3d8-3e6bb401837b,Raymond Hess,68,ablack@watson.com
751e4067-1428-4756-aaef-b57b293a874d,Sarah Riley,34,kimnatalie@powers.com
fd76234c-21a1-4ddb-98f6-8c90a399aaf9,Thomas Perez,31,cjimenez@robertson-richardson.net
160b3490-1c30-4c9a-9692-3ef8c9a54230,Danielle Wells,50,dianerobles@kim.net
20f43af7-7353-4a92-8053-a4317fad98ca,Lisa Williams,78,lramos@hotmail.com
0048eb5f-98f4-4dc0-aec1-192ea30e7c38,Stefanie Castro,25,hramirez@jennings.com
21227d70-f1f5-4f11-a57c-c5bd6cce2fb1,Andrew Lawson,28,qreed@hotmail.com
75d8ca70-3b86-4c1e-81f9-92c740c2c081,Phyllis Anderson,23,crawfordwilliam@smith.info
9bacb3d4-3924-4d8a-a573-afc448a09cf7,Brandi Garcia,66,jessicaatkinson@gmail.com
c6792651-40e2-4c88-9767-27a26c3822ee,Heather Taylor,37,showard@curtis.com
09dcebe8-cdb1-4984-a570-2c960fea8c9a,Michelle Brown,42,emilyallen@lee.net
3043848f-51c6-4a0e-8a8d-8aa7be9c4b27,Andrew Brown,27,thomassarah@holloway-simpson.com
e7ac3d71-75db-4d24-bc4d-0166bfeda444,Melissa Hicks,18,robertrobinson@higgins.com
3b7a41f9-b735-4359-af83-e143eeadb17b,Robert Castillo,50,martinezdebra@hotmail.com
7bd7bfd4-314c-4f05-bf96-001ae4ab598d,Maria Massey,40,spencersmith@parsons-carey.info
0fa1b48b-4b6c-4e55-b6a6-db772f4d858f,Stacy Leonard,55,keyashley@herman.net
52b2e4c0-e8cd-4a5e-8764-25b904535bbd,Mr. Jesse Krause Jr.,49,davidvasquez@wilson-herrera.com
473355ec-fce3-4ae2-80a8-7886684f6495,James Hoffman,68,jessica74@collins-butler.com
bf5b3481-de0e-4f84-9e88-7df29a0c0bde,Tim King,30,washingtonjasmine@hotmail.com
fdcc9e13-c234-4118-b584-dcaecd084a0c,Megan Arellano,20,graysamantha@ramos-beard.com
e3144d2d-692e-45df-b540-d416b512ba72,Mr. Aaron Flores,42,wendysingh@hotmail.com
725613b0-1e44-4c1b-aeb7-a10a394d462b,Omar Wood,56,rodriguezjulie@brown.biz
3cfad7ca-6850-4d49-802c-ddbb65c8406a,Katelyn Bruce,21,krodriguez@hall.com
b5f33c07-9de5-47d5-b207-6ea02178adfa,Amanda Mitchell,48,lydialee@matthews.com
fd879c40-ba08-45ab-a5e4-984fa9d35de3,Jaime Miller,30,sarah18@stevens.com
60851b27-72fa-47c3-8c16-1d538754bb07,Cory Chapman,69,msaunders@lyons-torres.org
f967f890-86b0-45fd-bdde-c3eb2c5a9182,Joshua Walker,61,james08@bradford-wright.org
f5f85663-d47f-4679-ae44-943cdd73d769,Roy Diaz,39,hernandezmichael@goodman.org
606c4b74-a628-4f99-9e8d-024817b7fe8d,Brandon Becker,39,michael17@crawford.info
12640cb7-ca09-4d5c-9e6c-1cbcb91d49ec,Elizabeth Mcdonald,21,tina50@webb.com
3f345d71-0e43-4a28-80d1-be50e8f9b967,Zachary Mcmillan,33,nalexander@yahoo.com
ff5805f1-222e-4029-8ea3-1392920d2d30,Troy Dunn,35,stephaniegibson@yahoo.com
41542b35-9294-4ba9-ac21-ca803f27a665,Arthur Hanson,20,anna08@thomas.com
0afc2f4f-f533-4999-82bd-82dbf2c40691,Robert Hopkins,52,desireecameron@gmail.com
f9570a11-f3d0-4214-a132-8e880796e478,Jessica Schmidt,65,matthew34@hotmail.com
25390c22-107f-4da1-87eb-389c490cabab,Christopher Drake,54,hernandezdebra@gmail.com
87f4e607-9c2e-40cf-8574-989dacfaab30,Marcus Singh,55,rbaker@scott-holmes.biz
06330813-5514-4850-8a54-e9d3e305ad7f,John Woods,80,jackbailey@yahoo.com
f7b49820-9eaa-488b-8377-0c4774146bc0,Miguel Stone,35,kevans@gmail.com
090f7d20-6318-460d-bd67-b1d38307a4f1,Lisa Bartlett,39,allenevan@peterson.biz
d05dae90-e889-4bcd-a821-74f345dd4e97,Edward Mayo,35,nguyensarah@yahoo.com
62cb4d64-ea2b-41d8-ad60-8a0a11aa9231,Meghan Hunter,33,xmadden@hotmail.com
119ba3e5-b588-4f97-b4d2-63dd8b4d2589,Daniel Phillips,72,kurtperkins@hotmail.com
b50f2376-9867-4646-9ac7-0ea96aac1a4d,Erik Tapia,45,elizabeth80@james.com
25f5502a-909c-46ec-ad25-585fb038ff4d,Anthony Brooks,26,jeremy88@robinson-thomas.net
4a2f78d7-9703-4ab0-a594-989e2fd90b2d,Charles Sanchez,19,sara51@hotmail.com
a3d0d3b2-ab4f-4eb4-af62-75570277037a,Jonathan Mercado,25,xkemp@gmail.com
de4f069b-ed59-4e80-ac3e-057c02606f11,Edward Mcguire,41,holly50@yahoo.com
2fb3caef-55f0-48e0-829c-f90c8979d0a8,James Patton,31,vasquezmallory@black-smith.org
8e82704d-b24e-44c8-9e5c-f1537ef3ecbb,Mitchell Fernandez,76,pnguyen@yahoo.com
ab7bc823-023b-4525-8ddf-9de33e176325,Pamela Rose,19,yvette19@gmail.com
2af415d2-ae84-41f6-b61a-cb9a20b3bcd8,Jessica Mueller,72,timothy60@yahoo.com
e37cb8de-fbaa-42de-8e25-fb05c2c6513c,Joshua Curtis,53,raymonddiaz@perez.biz
5ff9abcc-a6df-4727-a173-0e75a27c6313,Brianna Horne,18,mmason@taylor.com
697a0a32-1fd2-431f-887c-4ca738efe3aa,Latoya Blackburn,77,barnesjeremiah@martin.com
d27d5f37-7fd2-4b46-9c79-88943ac93e36,Mark Young,32,michael77@farley-guzman.info
c6de2b0a-2fe4-4dc3-99e5-fcc2cf930102,Valerie Barry,31,yrobinson@yahoo.com
40dbd604-a804-498a-b58c-7cf095fbd411,Terry Wright,77,erinherrera@gmail.com
b11f07ce-98b6-408f-b99a-12fdc6970c0d,Angela Tran,48,jeffreywoods@hotmail.com
4ab01b19-215b-4125-8d5b-c29778523321,Derrick Schwartz,75,bethany59@white.com
ad2aee09-d718-4c85-bc66-ae38d3ef90db,James Johnson,71,diane57@hotmail.com
cdac1846-1b8f-4a68-9980-2a1aa74bac2f,Autumn Hernandez,51,xmccormick@watson.com
2feb1aed-0a28-45c8-9fe5-9d74081f9b62,Robin Lloyd,18,anthonyhorne@collins-evans.org
69a4f69e-28be-44aa-ac08-f2e6f87b6871,James Kent,73,nathan16@hotmail.com
b7c3988f-0956-423c-b4f3-812b8fb593b9,Billy Martinez,74,ginawilliams@yahoo.com
160f6dcb-0fa9-4593-93b9-37cc27817ea1,Melissa Bailey,46,parksthomas@cordova-sanders.org
46136c2e-a090-40ef-8406-84dd7f34ab7e,Erika Johnson,68,gwolf@henry.info
99d1a693-9b7e-4335-9529-9de02bb62dec,Sarah Jones,56,mclaughlinjack@hotmail.com
7406c90b-8591-4abf-b43c-e93c590d304d,Jennifer Kirk,70,vanderson@yahoo.com
72b81f58-9ddc-4745-9fd9-5b88647f818a,William Cohen,79,william09@gmail.com
dbef43c9-0f15-4a12-a84d-24b4299fb805,Jerry Atkinson,52,jesseadams@stephens.com
edb7db11-d84f-486c-b630-2fa03b85c7b4,John Hernandez Jr.,49,dgallegos@moore.org
d922a808-c70c-4b0d-b24a-249f9439048e,Ryan Wolfe,51,kristina36@hotmail.com
c8584b18-c8f5-4f8b-bfc0-61fc30d7fbb8,Sarah Morales,49,littletamara@davis.com
c3971a80-6ab0-47de-ba27-0cc0a8e118b1,Amber Kaufman,22,alvaradoerin@wyatt.org
c3868a82-61ac-4aa7-8044-fc7b2cd37c42,Ryan May,28,sarah22@yates-kennedy.net
beb6bff9-8a2f-4584-b959-5060105f7921,Vanessa Morrison,32,owensmichael@blackburn-mcconnell.org
f7b8f687-ae6f-446a-b485-9f1d43a53c12,Nicole Bennett,69,brianortiz@welch.com
b91e9de7-151f-452c-94bf-4d31c2cc76cf,Victor Smith,67,xrussell@arnold.biz
b1d62cb5-e4ff-4931-9a35-68cd1367ca75,Jesse Cooper,34,johnsongeorge@owens.biz
2e0c6027-1950-48b5-9b84-f44636c9adc2,Ashley Brown,30,dennisbradley@hotmail.com
4332496f-3ce7-48a1-90bf-20e3498eacea,Roberta Martinez,58,shelbymiller@bailey.com
f1b34ae0-f5b6-430c-a516-edccfb23dca3,Ronald Lewis,50,duranpatrick@mcdonald.info
07f595ec-adcc-4491-805a-649ebf53b15e,Jamie Vaughn,77,vherring@brewer.com
ccc07383-845e-4c71-a2de-623a6822fc86,Karen Thompson,62,david18@curtis.com
045de737-7c76-4006-b852-4857ad8e73bb,Ashley Howell,49,fgibbs@wilson.com
f5f8fed1-5441-4dae-9017-98afc8bd0a36,Barbara Rodriguez,27,ronald50@ewing.org
c92fc829-bf78-4614-9cda-56e6920603cb,Brent Bailey,43,fhart@hotmail.com
51dff927-0c6d-4e42-81f4-eff5064663f7,Adam Bowman,58,toddbird@johnson.biz
8612b209-b5b4-42c0-aa55-1be3d3c02b82,Vincent Bridges,52,colejonathan@clark.biz
9da67c89-ec2d-4b84-b5dc-048abc5478d0,John Forbes,61,obates@yahoo.com
b1620d69-d93d-46c8-a2ca-ced3eefd1963,Cynthia Burke,42,timothy23@vasquez.com
737623f0-2697-477d-8b33-5ffc412b9c8e,Sydney Quinn,51,kristen74@wells.com
ef22588b-4899-4eab-914e-2d3daf1703a5,Kevin Russo,77,jenniferramirez@hotmail.com
157e4aac-356b-4a93-9600-68f73f3cf615,Amanda Harris,19,rachel45@gmail.com
e57396b7-c8d2-410b-acfa-bb695ccd1e9d,Olivia Lopez,60,brandon94@yahoo.com
f99ec6b2-feaa-4f5a-b61f-f7b1399bdce8,Janet Fox,72,raymondlance@monroe-cook.com
e8bef608-7905-4044-9da4-b969a17a72aa,Olivia Levy,56,beasleyamber@hotmail.com
41b4642f-b644-4d0d-a4e1-98288fb85527,Suzanne Powell,36,nicolas75@yahoo.com
65995b31-d1e2-4c5e-847f-38cbde26a71e,Lisa Pierce,60,torresbenjamin@hotmail.com
63413c45-ed28-408b-bb6b-1f9d46ce40d5,Rebekah Williams,35,joneskristin@hotmail.com
7310131e-14bb-4165-9aeb-0d12274d0cd8,Hector Gordon,45,duncansuzanne@foster.com
a400a9d3-11ff-4e8c-bec6-00ea6d9f274b,Diana Campbell,23,bthomas@vasquez.com
f8c39ee6-1819-4161-8627-19b38311b9dc,Carolyn Johnson,73,rosssara@bowman.com
b3a7ec14-5509-473a-ae18-99e25ac3fd4f,Derrick Burke,43,stacy96@kennedy.com
41a60c34-92b4-4dbd-80c5-16e17b5ae5f3,Brooke Brown,77,qrojas@gmail.com
e4032b22-400f-4251-989f-cfde2c877233,Andrew Price,58,andrea69@yahoo.com
340841ca-c562-4bed-8a2c-669dafdbc1ab,Brittany Turner,80,jerrypatterson@wood-schneider.com
3c1d61ef-48df-4de5-a40a-55a82a386747,Colin Smith,60,destiny14@hotmail.com
fb882639-6377-43bb-80b6-e6a67e3063e9,David Gallegos,71,arose@yahoo.com
ddb09a38-accd-4eea-acfa-7a83e7f4057f,Daniel Hernandez,78,taylorrebecca@hotmail.com
dd9b95b4-d2a7-483c-abed-67b62e19093d,Alyssa Wilson,62,kporter@johnson-stuart.net
2f3a320c-b1d1-4666-b81f-b1809a04b7a9,Cathy Myers,67,adriangarrett@yahoo.com
fc8f060b-bb3e-46d0-95d7-9d728fcefb19,Micheal Martin,61,hollyherrera@yahoo.com
a63a6530-a616-4d99-bdd0-c5728fb85e4d,Meghan Wagner,63,eperkins@gmail.com
8d2c8800-bf0b-4d3d-a0ae-05cb3b0613f7,Timothy Chan,60,johnsuarez@davis.com
5811164a-201a-4b83-840c-255eca6c114e,Mr. Anthony Hansen PhD,25,gbrandt@thompson-olsen.com
c951a395-cabd-4911-8646-135f4ec4fd65,Denise Carson,51,michaelmay@gmail.com
9aadc49f-dcaa-4ab3-8bc9-bec7ec00ee8f,Steven Gonzales,51,ryan89@malone.com
e25ad70c-6d86-47bc-9a0f-8f3ecd2570b0,Charles Hester,58,mpage@mayo.com
64f7dae4-c5b0-42d5-ac3b-3e50b0069dcb,Melvin Snow,66,christinalee@kent-jackson.com
99bc8c68-da6b-4faa-92ed-c5504ccd097b,James Rodriguez,64,jacqueline76@hotmail.com
c3736edb-9ff1-4083-9c1a-159f182d64c6,Ian King,55,merrittmatthew@hotmail.com
b3c240c6-26e5-4a94-ba25-9c200c6e5772,Eric Kennedy,44,qchoi@yahoo.com
e092cdb4-d43a-4115-98be-5e0e012af2a3,Stanley Williams,73,alexamiller@gmail.com
9b4cd583-f12f-415d-b84c-c599402b00e6,Ariel Morris,31,vicki07@mayo.com
7b4c01ca-ca39-47a9-a5e2-7736e1f4c148,April Nguyen,74,bjones@ewing.com
454b5a52-97bb-4f35-bd82-1dd682b1a64e,James Garcia MD,38,youngamanda@gmail.com
b7814343-3ae8-4d60-9901-42f8c356c314,Amanda Ward,46,fcarpenter@mccoy.com
d8e2696a-4e15-4a3c-990b-fd824baeac40,Tiffany Murphy,66,qpotter@ferrell.net
4f9f127a-9a43-464a-945f-54dc0706defb,Veronica Davis,25,pamelalong@hoover.com
8509330d-14a0-41a1-81fd-653c8da43442,Nicole Martinez,80,stephanierogers@russo-black.com
bc4d1cdb-e02d-49a0-bbee-95f77836efd5,Mr. Brandon Reilly,64,rmendez@burch.org
baafbed5-409d-4765-8883-d9be562fe299,Sandy Singleton,38,kristinestevens@dean.info
e0cdec86-3bc1-4e2d-89be-309f0e9d6721,Alicia Ruiz,43,thomas50@smith.info
c01cdbc6-0f77-4133-a917-7b74e9205ab5,Erin Lara,63,cdiaz@hotmail.com
fc09551f-c1e0-4a54-9763-d54d290a6a00,Susan White,57,huntlouis@snyder.org
c3252570-33a6-4cf0-92c1-3537e2e17e2b,Katherine Rivera,26,lindaevans@english-stanley.com
c6f6c2cd-07dc-46f2-8379-898829adc92f,Corey Fleming,52,anthony45@bryant.info
0b069abc-e0ec-436a-8583-1728e0608b3e,Jamie Stevens,75,mortonjoshua@hotmail.com
e18eabca-5586-417a-ad28-e29ff25c9f09,Courtney Guzman,78,durhamlee@charles.com
29ddc00e-9157-446e-a1df-79512ce75488,Michael Moreno,68,jason03@hotmail.com
73728852-a53a-4c07-83fa-dfa045e9502b,Thomas Mason,75,lalvarez@thompson.com
ee6a979e-be0b-45b0-affa-218cb2c9d89f,Derek Stevenson,43,sarah90@rojas.com
03fb383c-382a-45ee-a42d-90234297314f,Christopher Carter,20,sarasmith@sanders.com
7d46823f-1209-484e-95b1-a5928cdfc087,Kimberly Kirby,20,weberphilip@ingram-palmer.info
d3972fbd-7355-4f51-8378-fecd30776083,Emily Oliver,59,caitlin50@hotmail.com
1df9a40c-7181-4fee-a22e-0eae1f1f4acc,Carrie Williams,42,gaychristine@yahoo.com
d7b9ec61-037e-4a90-88a1-ff13c4ddab91,Michael Jackson,22,thomassierra@gmail.com
7477be01-383f-4f3c-99ec-15fb189bf89b,Michelle Newton,28,annlynch@hotmail.com
06cbe701-0853-4189-9fc7-3f66be878173,Sharon Ayers,39,anthonysmith@kirk.com
98e05c26-c38b-4af8-ae64-beeda88c10fd,Terry Davis,41,wallermichael@gmail.com
4407eaf3-c9f4-48d5-9c45-12b9f82d65d3,Edward Rodriguez,49,wrightashley@morgan-baker.com
d2d24517-7dcb-4160-a647-c104adcbb7e5,Brent Klein,56,pgonzales@gmail.com
231f941e-1993-42dc-b49e-178887a1b648,Danielle Horton,36,xhendrix@robertson.com
a9d6b8c6-18c3-4fb0-8f5a-c694a747d513,Steven Morales,45,simmonsjulie@morgan-williams.com
23262019-0244-497b-8441-dbae000d51ed,Ms. Sharon Kemp DVM,72,rdelacruz@peterson-pierce.com
f5c54ee7-4b6c-4a1f-9666-2c529bbcf38d,Sherri Hayden,32,noliver@griffin.org
d448c0d0-3fe1-4d86-9946-b947d74d77be,Dennis Hernandez,32,jeremylove@burke.org
88e4d661-8d6a-4dbf-ba94-43a30d2d2ef9,Casey Green,32,brendashort@gmail.com
011302b0-9f29-4356-b783-a4e34e7d33fa,Anna Scott,29,deannavalenzuela@cole.com
e073dc1a-908c-4ec8-ad16-42b52bde3b5b,Christopher Meza,37,blakematthew@cowan-smith.com
900661ea-6758-433c-b8ea-e0e0681f0fc2,Katelyn Wood,60,vmoss@yahoo.com
f21a64af-64bc-4598-b198-3400ce6150f7,Catherine Ross,20,marioholland@yahoo.com
e94a79ae-5b4c-49cc-826d-a61d50ac3f6c,Nicholas Hernandez,38,pschaefer@medina.biz
3e377805-bc7b-47c3-8d95-723af26c0d9e,Todd Brown,40,kim66@berger.com
7872b22f-1d64-4b64-ac55-85a4facd264c,Melinda Hoffman,51,zsosa@gmail.com
2382e1b1-de19-4804-af69-9d74bf430161,Stacey Howard,69,tommy30@padilla.com
845e52ac-8ec9-4573-90a0-302bfb41b631,Casey Pollard DDS,35,dawnmorris@gmail.com
5b23b352-cc80-4782-ae73-c55b3b2bfbc6,Brandon Fry,33,erin21@brown.com
06c36346-a887-4edd-8d5f-3a93896efadf,Mr. William Stewart II,45,veronica69@sullivan.info
3ac3d024-a430-4a10-a40f-60553d41a7c5,Kyle Cardenas,74,jason42@kelly-butler.org
a3ca5c90-5a16-471b-aea4-91087d839716,Angela Roberts,62,danielmccoy@hotmail.com
b721dbd7-c17d-4573-8f61-f8a4a6a99c17,Tammy Graham,60,arobbins@velasquez.com
d8d89d44-16c5-4c78-bcdf-c09f270483d4,Scott Brown,34,htaylor@sullivan.net
aaef406a-bfd4-4a55-8866-d6eab71330e9,Caroline Sanford,46,cwright@hotmail.com
1b4e0aba-036e-4c9e-9558-a8bdf05a70ff,Joel Green,44,alexandria80@hotmail.com
737a223f-5564-45f4-8ba9-8ff0eb8bf184,Tyler Mendoza,74,christineanderson@hotmail.com
a5ce701b-86a1-4f94-82c7-ed5063d07e99,Cory Hood,63,kimberlyrivera@gmail.com
c13d074a-d199-4385-9972-7970ea7f75da,Heather Brown,27,sharon55@olson.com
ba5c3633-e1fc-4069-a23d-69206786dd01,Joshua Gomez,38,patrickhahn@stewart.com
3e8d5eb1-9333-4bb5-bdc3-f2fe4b835fdc,Thomas Edwards,69,tanyajohnson@velez.com
87bd07a1-d664-4ea9-bdd9-8525e004a393,Erin Moore,50,colin11@foster.com
6f8372ea-ebec-429c-8931-76758bc5f1da,Carrie Roth,53,ustark@lee.com
3afe1991-41e8-46e8-972a-da33ca29f3fb,Alexandria Williamson,66,stephanie61@hotmail.com
8ca73827-78de-4b1c-bb04-5284174608f7,Linda Burton,21,christopher64@gmail.com
9ed9f836-2c64-48f0-8aef-bd49a4ccbf31,James Lopez,25,hensonerica@fletcher.com
54250da4-ada2-4c26-aef0-a7ebc3d15b90,Jennifer Kim,22,rlowe@shepard.com
99b38458-de3a-420f-8208-ad79e7159bd0,Kimberly Walker,74,levydeborah@hotmail.com
1da2094c-c8b2-4f5b-9442-5e2436684e40,Brian Velez,19,tjones@scott.org
47c9a8ac-ef96-433b-85e7-4c8031557509,Emily Miller,67,ojohnson@brown.org
5db88bea-b978-4cdd-9949-93c95fbc8ae4,Brian Lopez,22,martinpalmer@yahoo.com
af5eed91-457f-461a-a98b-1a5ef469f0f8,Brian Nguyen,30,rosscalhoun@gmail.com
080b8c76-11c2-4302-aa77-981d4b2f673b,Casey Monroe,67,christopher70@parrish.net
a6dbff56-7383-4628-a7b0-6555c25ce9a2,Patricia Taylor,62,tjames@sanders.org
4e47c910-e64e-48b5-8ddb-6739abefd684,Tracy Hoover,30,melissa43@chung.net
c02a3597-5aff-466c-8076-6d5e2da6d5c7,Johnny Nguyen,41,robertsaaron@newman.com
c37adec4-b6b9-476b-a5fa-f526ef3a031b,Laura Poole,39,gbrooks@gmail.com
c44d5107-9723-44b0-a8d0-8355576f3232,Katie Nichols,49,hallcody@yahoo.com
bb9ab04d-e78b-470a-bcfa-135e1cea3611,Jennifer Love,67,peterpaul@hotmail.com
685944d8-d299-4ae8-863c-a60bcf5ff911,Mackenzie Blanchard,37,noah70@yahoo.com
2b3acdd2-d867-480f-a7c8-d425cd92fd26,Andrew Reynolds,26,robert40@yahoo.com
d6ec17bf-c7d6-4ea1-b5d5-7391f499a603,Lisa Wright,30,diazrobert@yahoo.com
4052bd59-3da4-41b8-bd2e-1251945ee2eb,Melanie Ward,53,melissa29@hotmail.com
b605ca25-428f-4655-9d3f-490f509baf01,Daniel Herman,42,tyler44@hill.net
e385fb91-4c0b-4a38-8fab-04164b68195e,Jason Little,22,kristenrivera@mercer.com
0f6ed5bf-ea9f-4d3c-83f2-32bcc9c8a5e0,Matthew Foster,34,brandon31@brown.com
fdd56daf-c7f6-440c-af9e-e4e1ff05da66,Mary Olson,22,ttrevino@yahoo.com
fe29af1e-a352-42a9-89aa-695861a1164f,Brian Gutierrez,48,mrussell@webb.com
8b0f7ddc-fb6a-4a14-bfde-7d68c8341aa9,Curtis Crane,24,taranorris@woods.com
73c5a7c0-8238-47e5-a132-6214525f35f4,Jeff Harrington,28,holtlaura@castillo.biz
160a645f-6cd1-4c94-aa12-49a33d218371,Traci Holmes,19,christopher80@lopez.com
abf8423d-10e9-4bda-bec1-d5e38f468533,Wendy Allen,28,barajasmarc@vargas-flores.com
fff936ff-3aa8-4df3-99b9-36a820aec8a3,Rachael Larson,55,melissa63@mendoza.com
49622bf5-e9f5-42f9-afe8-44fe00f18916,Amy Walker,42,hallphillip@yahoo.com
9c79d267-c357-4416-bf16-3fde80e3dcdc,James Coffey,79,rachel33@hotmail.com
1ad9c512-fce8-4339-bbec-d453ab69756a,Tina Greene,19,melissaburch@hotmail.com
ad49098c-97c3-49e9-8b82-574b57ed2ad7,Ryan White,56,jill93@gmail.com
fc85ee56-d10b-4e75-8adf-ea969fd21ba0,Jessica Stevens,23,jasongonzalez@jones-shaw.com
19f5aa93-9459-46a7-9ddf-3f30573a2947,Patrick Rollins,79,nicholasbishop@johnson-armstrong.com
232928a7-9e64-48ff-a092-6589d8e19dcd,Cynthia Hansen,60,heather13@long.biz
2a2efe98-a438-44ed-8618-79e39165391b,Mark Cook,57,emily30@yahoo.com
c7ca2f2c-2081-4a99-945d-6648b01e49f2,Tommy Brown,20,garnernicholas@gmail.com
db109ac4-bc9a-49a3-beb4-f0b2085b6165,Christopher Glover,63,allison63@gmail.com
80434666-d19e-453f-aec7-cee8f6e4176b,Ralph Fitzpatrick,73,ortizjason@miller-edwards.com
bd6685d1-2a98-4c12-be44-4654389abb5c,Sierra Hubbard,55,matthewsashley@yahoo.com
acab982c-52b0-4565-a83c-cd4bd7411755,Cody Smith,79,gbrooks@hotmail.com
636750c1-0f0a-4a07-b4c5-1ab68ed5cb55,James Ford,26,gedwards@hotmail.com
065fad2d-e054-4bc3-93b8-4f83eddc6b78,Anna Jones,27,mramos@gmail.com
fdc403f8-aff4-42e9-9541-469f7c09f1e3,Julian Bennett,76,joseph76@hotmail.com
89c4fa44-bd08-46da-b4f6-2881d1c4d75a,Michelle Rivera,70,lindawillis@cordova-chavez.com
872673fc-b610-4fcc-a60e-8aa36dde3b10,Lori Brown,77,swansonalice@smith-ingram.net
0804f10e-df3f-4925-a2b0-604446f5519d,Adam Turner,50,htaylor@becker.com
d8eca8be-1e85-4a00-895f-8f2dbb6f01f6,Gregory Greene,21,nmoore@matthews.net
92c77976-ad29-4fe2-9e6e-f5b0f7c91b36,Joanna Mills,72,vward@allison.biz
9962ab70-75f4-438f-ab41-9ca84298b3de,Megan Gardner,65,lisaswanson@ward.info
a3c53031-ce80-4a7c-9757-f0eae1ce4bf4,Kayla Gonzalez,43,latasha66@simmons-anderson.com
59fa7a3c-80df-451e-bab8-a9b1191f0a04,Kirsten Grant,55,briana97@hotmail.com
01a47fd2-59f2-4c10-8aec-a4c3d9d8eecb,Danielle Lee MD,41,xfoster@gmail.com
9cfeb9b2-d7a9-4033-9bc1-18b19c64fd69,Maria Pace,67,jason04@yahoo.com
fcb55405-58b2-4915-8426-72d140b3c40a,Crystal Aguilar DDS,41,tracydiaz@jones.com
d83ce3a2-a8b1-4075-8607-62bf06c9455f,Robin Lee,33,karenpotter@gmail.com
3352682b-ddf8-4b12-88ab-0aa71fa1fe85,Michelle Roberts,31,ppeck@harris.com
df180cf1-959a-48e8-aa30-c64f762d6bdb,Charles Hebert,26,wileynicholas@yahoo.com
ba21093d-7f28-4fbc-973c-13a5dbfad144,Curtis Harper,20,johnhopkins@galloway.com
f9b1d8c9-5379-484a-943f-1467c015b6c5,Allison Gray,22,fperez@gmail.com
09c90ac4-c7f4-4dbd-b890-13d1d9405ab1,Mary Ford,46,sara69@whitaker-miller.org
e88a706c-4be2-4fe5-b270-4bac1f9b4648,Kelly Terry,68,whitejeffrey@peters.com
5e743b84-4bac-40b1-a896-fcc9406c943f,Alejandro Richardson,80,abarker@welch.net
bf57916d-57c4-4eab-833f-8f6ff504858c,Todd Robinson,58,nathan59@hotmail.com
1a2f5cc1-f65d-4b7c-bf8e-a71b455a720c,Patricia Davis,68,megan34@mccarthy.com
7a84ba43-0f6e-4772-9a68-b4e851063b9a,Olivia Phillips,30,pperkins@anderson-martin.com
735d75d2-c697-4cef-9dd5-b6fcf5f62557,Hannah Hays,59,bperez@rose.com
22230942-3245-4964-9a61-df1e536e664c,Peter Lowe,53,fgonzalez@brown-williams.com
b80d6cba-4f85-4af8-8f5f-fc496300b582,Lori Lopez,42,wardgavin@hotmail.com
c3bc32d4-131f-4175-b439-70096755fd9f,Pam Chambers,55,fostervirginia@gmail.com
0c6e80d8-97a9-4734-b67b-ede293e0456c,Thomas Becker,54,allisonconway@gmail.com
b1e7ff59-8c30-4b0c-9daf-d8336a1f5e74,Laurie Harris,41,davidanderson@hotmail.com
1eadc91e-cb30-4eb6-a10f-d8087bcf9caf,Tasha Perry,30,stevenfitzgerald@gmail.com
89a34174-9009-447e-b363-24e5bf5b7457,Jacqueline Edwards,80,anne79@smith.com
84da7e07-9505-4570-a89e-22161ce8ed29,Michael Rios,62,hannahtorres@gmail.com
68b9e752-67bd-49ff-a828-fa050c69e83e,Paul Ponce,76,jennawatkins@yahoo.com
01ec016a-9988-470d-b816-16b0fb28b9da,Stephen Shannon,65,cbailey@collins.com
df82ca4f-9a76-45b6-b8dc-11613bce5c85,Christine Smith,64,hardycaitlin@yahoo.com
2b0c1bf0-9ba1-4d2c-974f-1ce8a70fa96c,Michael Perez,31,erin73@hotmail.com
dba6b3bd-3922-429b-a15d-f1e19fa5a79b,Laura Russell,39,goodmanroger@gmail.com
a5ac6343-1d66-4a78-a28f-af696f3b6093,Natalie Hudson,38,wwolfe@lucas-diaz.org
eea7688d-f1cb-42b6-9382-108ac381ca8a,Daniel Cooper,65,lauren72@yahoo.com
30060edc-6268-42d0-9770-f0b707f4071e,Eileen Martin,58,wwilcox@chapman.biz
3f210ca8-a536-4d78-877c-464093781a1e,Kathleen Doyle PhD,59,jennifer12@hotmail.com
00809623-5c9e-474e-b803-d39334a2b9a9,Jeffrey Williams,61,susancastillo@yahoo.com
fbcf0282-505c-4798-9ea9-61ad8b95163b,Michelle Rivera,18,ahunter@hotmail.com
4866b69f-e04b-4126-81b3-f1a6bfcf608e,Dana Wright,32,garciajudith@gmail.com
af0b3b1b-09e1-49a1-bd8f-99f38b0cf266,Andrew Ball,34,davisriley@hotmail.com
cb12251e-17dc-4f61-9cb3-2ed77b099611,Vanessa Jones,64,psnyder@gmail.com
2989ba10-253f-4218-807f-116aedfe0145,Tammy King,48,imaldonado@hotmail.com
a115ac76-5e61-404b-8a5b-c9a9220e0ad5,Kevin Smith,79,cohenjody@yahoo.com
6dbba73e-88f6-4c4b-9817-7244b698f9b0,Jonathan Robertson,46,dannybyrd@nolan.org
5bac274e-5aff-40cf-98f8-fd17af242c36,Kimberly Gonzalez,35,agarcia@clark-knight.com
81b6cb75-8baf-4ad1-bd3e-7fc9af1dac00,Molly Perkins,30,tmcdowell@gmail.com
522dcf2f-d8a3-4bb5-a10b-493f91b7797f,Martin Wallace,72,umorales@gmail.com
0e8c12ef-8452-457c-b644-9b6c048145b0,Donna Holland,32,markcollins@gmail.com
928bf46b-fcda-4375-a4fb-3ef15364a537,Duane Baker,70,zrhodes@gmail.com
4f1f3eab-87e9-4491-8950-7ab1ddb07adb,Shannon Byrd,64,fpace@rose-grant.org
c61a7c1d-1e62-4156-a11e-50d8899c6919,Adam Wilson,31,leonburton@gmail.com
b71f2e64-eae6-4509-9054-8a9840c91fbe,Jessica Ruiz,62,dillonbrown@jimenez.org
3985fa0d-ed5f-46f5-8709-acd2948ff3e5,Alexa Martinez,50,simmonskevin@skinner.com
b5986450-0e87-4a86-bac8-ec3663a54f7f,Guy Acosta,52,fishersteven@hall-davis.biz
fd2bfb00-c383-4001-b9e9-9c4275f522da,James Wells,60,james25@yahoo.com
2910f5d9-69e6-49e9-9146-e773354b74a3,John Randall,22,rfields@gmail.com
f6e7a799-e755-4a2e-802a-967e373199cc,Jessica Lynch,68,ogonzales@gmail.com
9a59cb7e-42b4-492f-9fcc-5cdaf34c2cf2,Jenny Franco,52,jordan12@williams.com
3dca6702-3d9e-4b50-aced-66bdca181a72,Pedro Lewis,41,qclay@gmail.com
f8b4ba31-79e6-4192-84e7-3ddb794b5a53,Sarah Perez,66,gmoody@anderson-brady.info
0b02b227-c058-4ae9-98ef-36eaf73b46c7,Jeffrey Chandler,55,diane76@gmail.com
97762ea0-ad5a-42ed-9270-4a747862c78e,Kristen Hughes,42,tracynelson@hotmail.com
04ecb539-0cbd-4dce-a1e2-822bcb17098d,Christopher Shields,73,adamsamanda@stokes-rodgers.biz
dbabe2ad-feec-418a-b0d9-1604727a8706,Shane Sherman,60,hbarajas@garcia-chandler.com
c3009fd3-25d5-400a-a290-e7d4c7bf36ec,Brandon Morris,72,davisernest@jones.net
7e6e861f-e5f2-485f-a2d9-8045d9c08ac3,Benjamin Vasquez,62,okeith@hotmail.com
d61ab7c4-0da7-42b1-9423-fcdab6b96941,Jessica Russell,30,hortoncheryl@wood-martinez.net
bbebe1ef-b4e4-4ae8-ba94-460901913650,Edgar Spencer PhD,53,roberthancock@hotmail.com
38971f47-68ff-4729-9705-50639d9d4fbc,Thomas Flores,40,mark30@nixon.com
20f5cbc2-21ad-4f89-8ddd-fd2def628fdc,Garrett Hill,36,ewatson@gmail.com
63487115-6eae-4043-b096-255f9a4314f0,John Hancock,27,james17@bowen.info
4eec18fd-c922-4025-bfc2-ba501ec42a4f,Erica Peters,74,ericgardner@torres.biz
c07f27f9-db9b-41f4-8dd6-17419b67bf9e,Vickie Clark,45,normanbeverly@young.org
a2921568-7add-4aa1-bc4a-af2c16c25dbe,Michael Simmons,29,jeremyjones@randolph.com
e2a1ce32-5d29-4b6a-b8a9-1aa231ca7ac9,Lisa Mack,34,charles87@thomas.com
6036880a-b27f-42e5-a9a1-df5420b74d5c,Pamela Parker,64,lbeasley@wood.com
f7095aae-1112-4f31-8a11-7979bb4c0ffd,Martin Jones,73,christopher19@hotmail.com
1fb145d6-2a72-49e7-9792-30498f3da309,Michael Zuniga,22,nicholsleslie@yahoo.com
b809059a-be14-4f76-a47d-227604017da5,Cassandra Williams,48,melanie19@smith.com
af833ccf-7e84-402c-95f3-2b4c69eb7c3a,Brittany Wright,51,hbrown@yahoo.com
d88c245c-9a52-4ad5-9ed3-6910168a4047,Jeffery Fields,79,wadedalton@gmail.com
4ed255bb-dada-4e12-ad9f-0af848d4898c,Ryan Garcia,30,cwalker@yahoo.com
efa0dac2-fe6f-4532-a4e8-f2267c277d9f,Lisa Mckinney,31,mary52@gmail.com
7e6be506-6712-48d2-b010-c7e9d42fdd1f,Samuel Campbell,29,spencerphillips@yahoo.com
e545e21d-76c7-4f78-ae19-0213b8e1e01c,Karen Simpson,45,twashington@hotmail.com
4caf14e4-b451-40e0-b02a-e4ab0f5f558c,Madeline Miranda,48,christopher77@gmail.com
9bf2f1b1-ddeb-4cec-9df4-19a28387cc8c,Sarah Garcia,57,xwiggins@washington.org
702a15ea-1689-49fb-9f8d-17fcdc5a8694,James Robinson,62,xmitchell@rivera-douglas.com
a779ab81-c53d-45cc-be19-b3a0242ad833,Christine Henry,63,rodneybrewer@chambers-dixon.com
0e83784f-1a86-438f-a0ae-a3893722bc6d,Billy Davidson,46,jameswilson@turner.com
4633cfe4-a0de-41d3-bda0-8c61438ed4f8,Shannon Montgomery,68,nwoods@yahoo.com
8cf3d215-938d-4c8f-9a2f-df563f3bfab1,Katherine Beasley,72,dfisher@hotmail.com
bc092b06-512a-4ff7-b2b1-dbec582b03e0,Jillian Cook,69,kristi31@avila.com
d0d28a57-8b65-4a53-b6fe-033b6e133a7c,Vanessa Reed,52,evanlee@miller.com
c47d1d66-8c0a-44f3-b5a4-0b0366d84bd2,Brandon Jones,77,amanda27@hotmail.com
09109c85-8eb6-48b7-913f-b1541bc8622e,Sandra Suarez,69,davidjones@rodriguez.com
a06b2518-068c-424b-b040-72c692471da4,Theresa Long,49,barbarablack@moore-hickman.net
2b68bc2c-30a0-4327-8fa9-cbf70ea7db2f,David Doyle,30,stevenelliott@bray.com
dc901902-d592-4182-b97f-1922a979d9d6,Nicole Harris,25,linda91@wong.com
39bf8d63-1ff4-4553-8b89-d10d634bfb1c,Ms. Amanda Mullins,36,nelsonbarry@braun.com
d023b530-0f22-47a2-a09e-ee3f60eeeb44,Adam Floyd,50,dixonjose@zavala.info
ea6b39c5-a06b-4ecd-b20b-1a69e991b6b9,Wayne Sawyer Jr.,48,james15@kirby-brown.com
6f9b29d8-8e4a-45c1-82a7-c4c53c55039c,Marcus Cunningham,49,nathanieltaylor@hamilton.com
3b85bf80-0136-453e-8209-d8fc5ad52945,Alicia Chen,72,yparker@nicholson.info
884013c1-0141-44af-9bab-a75a4a59815f,Jasmine Hughes,29,ubaker@franklin.com
451fe7b2-406c-46ba-88dc-3ce7bf78e1d2,Tammy Baldwin,36,stacywhite@donaldson-yoder.com
ad40d3f2-b98c-484c-97db-01db90daf9f6,Shannon Chandler,38,fitzpatrickdonna@sullivan.com
011bcc74-6197-4544-9a3c-fc87d36a32e7,Todd Clark,71,patricia56@hotmail.com
e07994ea-ab6d-4ef1-9a63-f93b3b1e22f2,Melvin White,32,brian94@alvarez.com
8bf5cb2b-dde3-4eee-8256-8a37d2cac7cd,Margaret Garcia,56,amanda82@hotmail.com
988c1edd-d608-4e03-af56-0fb2e534d0bd,Luis Ewing,47,timothystark@hotmail.com
07d83be8-9dbc-4085-8869-4148e6df4c47,Jacob Smith,40,woodjose@cantrell-jenkins.org
6c46c88d-4a33-4d62-855e-e2378d07eae2,Natasha Williams,32,ashley55@johnson-duran.com
68615504-6f86-4a3e-9361-71ba0e99ed4f,Sonya Woodward,63,tylersimpson@smith.net
77339cb0-fd37-42bb-9d48-f5f1641f443f,Erika Brown,65,jonesjohn@hotmail.com
22aecd0f-89e2-40f9-beb9-012d301730e8,Michelle Brown,32,benjaminpacheco@gmail.com
c259bb9c-d2f5-4658-bc87-f8487f0d9252,Bryce Bates,71,ebanks@daniel-jones.biz
35e5bb2a-2fb7-4563-a8bf-3da49f03cf20,Sandra Bean,71,michael66@gmail.com
762eda29-2e30-43c6-a292-5dbfd61e4b33,Jessica Hunt,55,anthonybowman@gmail.com
5dec9e98-7c78-47fd-881f-1eaa39099ef1,Jessica Spears,43,jgallagher@reeves-ballard.com
3cc46068-d869-410c-9f7b-2c13fab5a79c,Sara Lee,63,davidperez@fernandez.com
608cf09d-b6b0-4d25-8971-495844650e86,Rebecca Rodgers,46,snyderjason@li.biz
c3ace6b2-fe50-4456-9bd3-fdaa1981acc1,Brandon Harris,20,angela01@gmail.com
2a599f14-2c6e-4a0d-84bf-35d572258cb0,Kristen Perkins,62,andrewrodgers@gmail.com
eb94dcbe-3b54-418c-89da-510ae68a1e17,Melissa Terry,70,williamserica@salinas-bryant.com
b996c572-8f94-4971-9ecc-5eb686460f6b,Jonathan Cook,32,marthaperry@hotmail.com
1c05b925-f9bc-4f02-9d3e-0ba430593ce8,Marcus Hughes,19,allencarl@parrish.com
ef8809b3-480c-4923-a04b-55ba14e79a98,Amy Williams,47,brodriguez@yahoo.com
73a69154-80aa-413f-9684-abdb21f94cda,Amy Johnson,65,bobbypalmer@yahoo.com
5574c017-d368-4869-8191-7ead18af0988,Jennifer Ramsey,38,jessica44@thompson.com
ef91face-776b-4466-9abd-a78da92ba789,Lawrence Dickson,66,allisonstuart@mason.info
8988f983-cc59-4311-aa86-6d31980d6f08,Justin Farmer,51,max17@hotmail.com
b3c45a13-3cee-4d9c-bb4f-6eec914e4dc4,Jeffrey Lee,64,vgalvan@lopez.org
f974db15-7957-4531-afbc-34b1a730d3de,Joseph Marshall,79,smithjoseph@morrow-white.com
f58a4e43-db38-461f-aea8-94690f466dbb,Victoria Glover,42,james09@yahoo.com
f5370c53-86bc-40bf-be75-8f46eafe7ea3,Natasha Nichols,30,btaylor@yahoo.com
29efc500-3690-4ded-a643-4afdd12fde4d,Reginald Cox,72,dmendoza@yahoo.com
bfb6a9ce-ad77-4537-b161-ff778dde9d29,William Skinner,54,tmorton@gmail.com
1f28106f-2f05-4559-bd7b-b5ee0a62ecbf,Natasha Holt,72,cooperrebecca@hotmail.com
42616663-b4dd-4355-86c7-bca9287cfad1,Greg Short MD,43,ywagner@gmail.com
7ea124cc-cdfa-4e08-a9c2-44284af88572,Eddie Romero,34,ajackson@bates.com
818af487-d207-4bba-92d4-97647fb1b5f0,Christopher Estes,19,dennis31@hotmail.com
2dfb12f7-6aef-4060-badc-ec09d7232882,Janet Davis,50,matthewlawrence@hotmail.com
074252a0-dac7-424f-89ae-25c23f7abf73,John Ramos,62,hvalenzuela@hotmail.com
61308e46-e3d2-4e7d-886e-eea5d0229e33,Kendra Fisher,35,craig02@patton.biz
fb02a439-d9f7-4d3d-bca8-84b52f3ae33a,James Mann,68,kimberly95@gmail.com
63a75fb9-900b-4324-86f4-1d741e281e9a,Maria Russell,39,karenfreeman@andrews-brewer.net
ba73f4e1-10b8-413d-a631-9b11245d0a27,Ms. Amanda Blanchard,25,dustinjones@gmail.com
b6be9cd3-b8a9-4222-959f-c8744fe8529b,Caroline Johnson,49,gregoryrios@yahoo.com
d7759ccc-0096-4bed-b6d7-0469a091d68d,Katherine Gallagher,42,johnsonmark@guzman-park.com
7e7b1847-e3f7-4e72-866e-7f17740d7fc9,Keith Rivera,37,wongjoseph@hotmail.com
93b6eac3-6732-44af-9efe-d5fcb942c3f9,Andrew Walter,74,matthewwilliams@carter.com
47be8fc5-2ec1-49d7-99fe-7dac059f3030,Christopher Li,54,romeromatthew@le.com
9a75ca8d-503f-4607-80c4-02b9f82410df,Kelly Barton,35,kstewart@mcdaniel.biz
b29b1c70-ed66-43b0-bed1-30ed7b3f4a56,Michael Bruce III,65,hwhite@yahoo.com
0778cfb0-7bbf-4c44-bae9-87914a3dda69,Cody Gonzales,27,nelsonrandy@yahoo.com
b206daa1-85d0-4e46-b96f-09dffcb3a96f,Alyssa Franco,50,erin45@payne.com
847bbbaf-d8b7-4e9a-821a-9d7e041291d3,Marissa Garcia,40,leedavid@brady-spears.biz
cb3f3bb0-4fac-4d6b-89fb-4196a2fe7be5,Mr. Jason Lewis DDS,32,waynegonzalez@gmail.com
c788695b-7564-4bb2-9364-f50e697e6572,Daniel Morris,20,jenkinsapril@weaver-stevenson.biz
dfbe7d73-4334-4ac8-ae87-6522a522a766,Allen Wang,57,kevin16@olson.com
5bf8b489-cc07-4698-bd37-2c2edebae191,Holly Davenport,47,thompsonwalter@sandoval-smith.biz
90e863c4-a5c0-42db-a871-cbb7b9314b81,Janet Green,19,claytonkenneth@gmail.com
6d9b27a5-6374-4c41-a330-39f686d83092,Robin Andrews,55,zacharycampbell@park-thompson.com
0c7063d3-59ee-425b-9612-30803c0fa607,Kaitlyn Oliver,26,johnny00@yahoo.com
22b27cee-67a2-4c49-952c-86c2ba11b536,Zachary Hanson,54,annawright@klein.com
ee3de0bb-6e2e-4172-94a6-cab2a1dee828,Lisa Anderson,74,amoreno@anderson.com
64389f61-4b43-4e6f-b5a6-7c143dbbe9d0,Benjamin Dean,68,paula47@hotmail.com
ba68a9e7-1940-4e80-bdfe-caaebad3d56a,Nicholas Acosta,70,cruzsteven@cox-calderon.com
47627656-e7f6-4901-b0ca-47621df8e786,Michelle Cole,37,thomaspaul@yahoo.com
15e50e42-f00d-4ba9-a657-75f2896ea4f7,Nancy Thomas,25,tinamaxwell@gmail.com
99998292-bafa-4045-99bc-4efad3b00d9e,Michael Alexander,50,victoria86@yahoo.com
ff670064-4280-46e1-8830-a050fdcf4480,Jose Scott,49,alyssa61@yahoo.com
e504dcb0-caf8-4be5-af4b-65d9bb866fcc,Luke Bentley,33,jamie50@hotmail.com
b92a82e1-2669-49bd-99ee-fbc28da87922,Katrina Guzman,45,sarahmelton@gmail.com
0e427a99-66cc-4eca-8019-0b73556f8ee6,Joseph Smith,39,pottsveronica@acevedo.com
00d65cf6-85ff-4c4e-914a-6ed476ddd415,Russell Gomez,58,ericalamb@hotmail.com
02b5d3a4-ad21-48a6-ad29-5fcb00de6379,Benjamin Hancock,71,landerson@hotmail.com
54148363-1c8d-40df-be2d-7a417b66945d,Michael Salinas,70,michelle77@yahoo.com
355c45ad-2bf9-4f3c-8467-962fdf1bc5c7,Charles Walker,56,laranina@hotmail.com
82cb2b1e-d950-4476-b898-3e78348b3216,Sarah Welch MD,44,owhite@carter.biz
1a3fdf6e-7a62-4583-8fda-63e2f76ff2ef,Laura Marks,79,markwilliams@boyd.org
b0f94de7-e885-4d37-b409-f43f9296d2e8,Daniel Thompson,53,erin90@yahoo.com
cf68c4a1-74c1-42d1-b45b-a28a0e7f5da7,Alexandra Andrews,30,jennifer19@santos-smith.biz
da267692-50dc-44b8-b00b-5fada3d14ab1,Monica Allen,32,moralesjustin@parker-russell.net
bde2eaf3-5db8-41cb-9b7c-fc2f35a5e447,Zachary Daniels,62,nelsonregina@gutierrez.com
5aa3e497-4387-45b2-b4e9-f423119aaa81,Alexander Stokes,29,acamacho@ochoa.com
8d66f075-9bfe-49dc-9566-8d1e51eaf115,Shannon Fields,57,jasonsmith@yahoo.com
ea2ce358-b609-453f-9357-757e048c61e6,Stacy Coleman,37,christywyatt@hill.info
8adbd30d-50d1-490f-9f56-3239dc4fbd09,David Jones,58,swest@hotmail.com
fc242b7c-2f61-4027-a23b-b946f34f6f69,Kayla Gomez,65,francisco12@taylor-blackwell.biz
074a1aff-c690-4dcc-802c-d920593fcf45,Elijah Lam,75,gomezjames@wilson-morris.com
56c2e81c-87cd-433d-99ce-13557918e488,Kimberly Stewart,38,michaelwood@yahoo.com
12634ab6-88ad-4a0c-92ed-39e6a825dade,Mary Lee MD,57,zhurst@carlson-patton.net
6ecede50-ee24-4f6b-96c0-e84973743060,Allen Calderon,19,salinascarol@yahoo.com
d5daad8b-840f-4e85-b4d5-fe513b569ac1,Melissa Griffin,25,hayleywalker@ramirez.com
2293ac29-d02b-4aa6-8d18-43c0797a83b5,Tiffany Harrison,65,coreyruiz@lester.com
ee798c0a-4535-4d38-944a-984950ea0572,Joel Mathews,65,christopherwilliams@edwards.com
3c01bf29-b0b5-438f-9e7c-10cf01e56708,Patricia Levy,23,jray@yahoo.com
63fff06b-52e0-4fe9-b7ff-40d2ba606690,Michelle Kane,32,crosbyian@gmail.com
e1fa3f60-4488-476d-96d0-ff410c6b74fa,Monica Mcneil,53,johnathan20@gmail.com
3baa0d8b-e313-4b84-8845-c47ffc3deb57,Miguel Gay,46,harrismary@reyes-mann.com
0a8a2a46-012f-4321-9c2e-29d114f1ee7f,Justin Palmer,36,brownmary@carr-ewing.net
9eab2f3d-5774-410d-a3f7-9b1878080ace,Ariana Kent,62,john89@miller-rivera.org
42c39887-6f6e-446f-943a-b7671501b5a4,Paul Rodriguez,65,johnsondana@blake.com
9d2d257d-e61a-4601-bd57-c5a95fe0695a,Mr. Wesley Tran,61,natashaleach@smith.info
f07c95c4-aad7-44ea-8330-55fe80c72863,Samantha Gutierrez,26,dhamilton@brown.net
1bc7385a-d9d8-499c-a36e-862780b6a1ba,Angela Hart,66,eddiesmith@gmail.com
177fa3fa-df6c-4e85-81c6-9d2ef36190bd,Matthew Flores,78,michaelquinn@hotmail.com
ae19ddfc-2b94-4508-8d25-dd790914c18a,Mrs. Jessica Bowman DVM,65,webbgregory@gmail.com
48976756-5ad3-45fb-b325-7aec9dbdaeec,William Cardenas,65,wyatttodd@yahoo.com
12848a90-31c2-42e0-a064-ba0269fca7d0,Karen Young,31,velazquezsteven@gmail.com
d5fed2ac-2470-4132-a61d-b718deacb1ee,Lindsay Berry,23,klarsen@gmail.com
b40a8138-7bf5-4feb-b688-c952c4ba3db6,Jason Adkins,48,davidjohnson@gmail.com
1c8ecdab-9be9-4f8a-9164-4a1fca1537c5,Andrea Walsh,48,deanna25@petersen-riley.com
26f31e20-92b2-4516-be8d-52dbb3092f7e,Rebecca Bernard,63,smarsh@cantrell.com
426286d0-9f2f-465e-8702-2c1d99eb07e5,Kimberly Simpson,23,bradweber@gonzalez.org
9011fbda-2e90-49ce-9a81-2698fe71ee74,Austin Cross,55,ethomas@hotmail.com
67bd8f9e-c7cd-439b-a113-7b754e88ffda,Sharon Kerr,59,kevin25@gmail.com
bea86a16-5543-4835-99ea-ed91a45619cc,Samuel Hamilton,47,wesleywalker@smith-williams.com
b00c4071-7b69-4e8b-b179-6ff40537153e,Mrs. Sharon Mcpherson,48,nicolasnelson@fields-irwin.com
8448f3aa-3baf-4db9-a01e-78238792a281,Crystal Nelson,30,meyerserin@thompson.org
912892ba-f2da-4e1a-8e5f-cc6cfb5303c8,Taylor Mcmahon,36,ruizmiguel@yahoo.com
20587dcb-9696-4321-bb8d-db8b30e392cf,Amanda Chavez,63,chantara@nunez.com
2aa769d2-3dd8-49ae-89a6-04d830faf9d4,Craig Morris,51,avilla@mccall.com
220e9013-de1e-447e-b0fc-b61a0082c3de,Derek Snyder,40,hamiltontonya@andrews.org
cf6c9bf8-95db-40ae-a704-bb09f0ea3e48,Patricia Hall,38,qkemp@hotmail.com
142c03ea-aa7c-41b9-b1ed-7238b0cf317e,Kevin Reid MD,78,justin52@finley-carpenter.com
cb4e0c53-9f02-4bc0-b4b9-8f029a0e1557,Erin Griffin,37,rachel10@pope.info
d0026c49-51aa-42bb-b1fc-73dc466163bc,Jennifer Powers,80,valdeztricia@hotmail.com
7571ea47-cd20-4a2d-a242-3a80d0cca5a9,Lee George,62,phorn@gmail.com
4e0b9772-3af7-4a40-9233-bcc6188eaa75,Troy Smith,64,bgonzalez@gmail.com
053ae5c6-7207-4802-8df7-3f263a3a3141,Lisa Sandoval,45,lauren22@bell-west.com
91de3dd6-da9e-41ce-a12b-401e89bd1435,Heather Goodman,52,wmartin@hotmail.com
e3e2e1cc-639b-4887-a605-1e400a2f04d7,Paul Gonzalez,45,davidwilson@howard.com
1bc3e545-81c5-4cb2-8ca6-04f21772062c,Angela Scott,22,ljackson@thomas.com
a8c8a8af-e7be-4fad-ab2d-dd6716880898,Alicia Roman,27,rhodeschristine@yahoo.com
66fbc2e1-4921-498c-8c54-4469e3a59928,Eric Knapp,61,cynthiacarr@frazier.biz
e2d740cd-3ebe-41cf-aef2-dc07c2d814a4,Dr. Stacey Mccullough MD,26,bdowns@hensley.net
fe893733-6e15-49fd-b1dc-cf141c5a4e4e,Rebecca Garrett,59,ljones@yahoo.com
266e5cee-6954-48c6-98e7-e0586b8f4db7,Jennifer Lane,77,vrodriguez@yahoo.com
be2770d5-c9e8-4908-863f-7946a88332f1,Larry Monroe,27,henrydwayne@gmail.com
6c31f576-d013-4a64-98d8-694599e39a15,Ronnie Singleton,48,jamescraig@gmail.com
c05502ad-6154-4717-a8e8-d89746b6e98a,Jerry Murphy,59,morriscarlos@chapman.info
8563b35e-d176-4df3-84db-a95eac7192be,Steven Nguyen,39,roberto99@olson.com
77ff6014-3559-4810-ac64-db97f88aa9cb,Catherine Gray,37,wilsondeborah@hotmail.com
1027b389-d2cc-4cd2-ba10-a00fa960bb57,Patricia Harvey,51,webstermark@hotmail.com
0760ed00-9f02-4ea5-a40c-c43cd98fc267,Gary Sanchez,34,gaustin@gmail.com
822c4f50-6b59-43de-92d8-6ca8488d01c3,Lori Brown,42,pereztommy@yahoo.com
d5f4ddb8-47d5-47b5-a50a-0149cdbd8a6d,Michele Evans,24,tinamontgomery@hotmail.com
c075088a-8c00-4844-a198-5bc7bdf80c89,Arthur Moreno,42,fhenderson@yahoo.com
24a2810f-cb59-460c-ac06-b19580ed9645,Rachel Wells,77,cartersarah@lucas.info
e4f5d435-df5d-4f34-8ff0-a3f6af8dd7da,Joseph Anderson,65,martinezricky@yahoo.com
6bcde695-d23c-4a4a-aa19-65ed018e081d,Troy Mclaughlin,26,robert08@kennedy.biz
d08a9fb4-b749-4c9b-a503-c3bc5c1bf448,Thomas Fletcher,55,murraygregory@taylor.com
bd06c3dd-8bf0-4e78-9837-dafbe2cd4749,Amanda Hendricks,49,mason83@horn.com
af832b76-98ac-4912-816e-339f086fc422,Robert Fernandez,41,james99@foster.com
7fc9d0da-ca3a-4519-9821-11f90a1ad6a0,Adam White,50,robert24@hotmail.com
5aece871-45ba-474c-8372-86bed9f3405d,Christopher Jones,34,hyates@henson.com
6d3e8143-1b06-4814-b0f2-a22fe6043abb,Juan Garner,21,maxwell47@gmail.com
59ffdb4b-288e-4954-aee0-168c161ae12a,Pamela Orozco,68,shane10@yahoo.com
a2291b2f-d5e1-4bda-9a72-407e27dc15c9,Bradley Davis,30,hjackson@ford.com
590a5a62-4c39-4f40-843c-f8ed7f77b376,Martha Campos,61,nlong@patel-jones.com
2553c3c9-72e5-4249-89e5-d74aaebeda6e,Kenneth Vargas,63,zdurham@gmail.com
387fb20b-7333-4e03-bd73-347ea814f696,John Smith,23,cabrerasandra@watts.info
c5cb9508-262b-491f-b9d4-72495d7c2f63,David Knox,19,willie26@yahoo.com
2794c72b-b258-4cfe-8798-270d3cd099d9,Ellen Barnes PhD,44,lhansen@gmail.com
8446063d-df1e-4f8e-a835-da1910b5a2ca,Matthew Silva,41,barbarawilliams@gmail.com
954153ba-46e0-409b-a6cd-65c6dca80c88,April Kelly,26,wlewis@roberts-barber.info
e2486b77-ff87-4bc7-ac07-ec5f257765f2,John Fernandez,26,aprilheath@maxwell.com
79e52294-1995-4960-a283-07de74c81544,Angela Hernandez MD,67,brianadillon@hayes-miller.com
a5795cfa-b782-45f8-8842-f364f9decb5e,Haley Green,59,roberthill@vaughan.com
b696ea92-ce28-450d-82ad-f1ba49547982,Dr. Meagan Gonzales,30,ashley36@gmail.com
b51f3176-6436-4936-a6a6-9f779bb6b3be,Jeremiah Patton,80,fsmith@brown.com
f13e9b0b-96f2-4c93-ae9f-d33fb6a586d6,Daniel Joseph,33,zscott@gmail.com
aa2d7fc6-2840-4fa0-ab2c-c3e24f6462d2,Suzanne Brandt,73,moralesrebecca@hotmail.com
39723dc3-d4d0-4044-8f98-d86a75f3b950,Karen Gutierrez,51,cherylgreen@gmail.com
e3ea02da-228d-47b6-a1ed-42210e3cd266,Brittany Wilson,37,gutierrezjoshua@hotmail.com
90ea2346-c635-4b26-ac90-c1edc50b6cc7,Zachary Carroll,75,justinmiller@gmail.com
656a89e5-540d-4a47-a0cf-6a91d1db7799,Angela Sandoval,75,ahenderson@brock.net
0eea2c66-e9fb-4e36-be81-8b45b9a79987,Cody Nielsen,73,ymullen@griffith.com
d2209b79-3223-4fa4-8b0e-9a4edeacdd10,Elizabeth Mejia,19,ashleyjordan@park-conner.com
87b6afd9-f818-4c3a-bc90-757f344b16af,Jennifer Gillespie,62,kellypena@white-espinoza.com
540d3bee-8a59-4e33-a0fb-15c4e570b217,Jose Williams,19,justin92@yahoo.com
7ca9c96c-f5a1-4dcf-b45a-c524a7e28914,Cindy Curtis,43,robin08@watson.org
6779e241-dad7-471b-b45f-7934474d6bbf,Mrs. Denise White,35,danielkaren@hotmail.com
807c5a6c-84c2-4c47-9274-0620bae8dea1,Catherine Mckinney,67,jamiemoreno@hotmail.com
524b1071-57ce-4703-8a6d-5b553bf4e574,Kristine Patton,22,rebeccaharris@gmail.com
6fcacb45-2348-4a1e-abcd-d990fae6f382,Kyle Hernandez,45,ryanvelasquez@gmail.com
a7fcbc69-3cd6-46f9-bcca-457b5c7bd09c,Danielle Miller,56,christian05@perry.com
9cb51aa3-2e3a-42e0-810c-3536d58307a1,Jason Meyer,48,jaredjohnson@yahoo.com
dde1a15b-22b9-47a9-aecb-b1b0666f0cb4,John Mckenzie,33,jeanetteperez@williams-strong.com
0d5459d7-3c89-46bd-84f2-63ba2f28b525,Jennifer Castillo,23,donald74@gmail.com
0d6ec1bd-d37d-40fb-8e70-79bc7d284917,Mary Griffin,44,croberts@gonzalez.com
17c55f60-188b-4438-8a0b-fd12baaff20a,Keith Johnson,22,lisabarron@ramirez.com
3a6fcf30-c203-44ff-8a77-96f18506d910,Tonya Miller,25,aprice@ritter.com
49204d9c-54f7-45d9-8ffe-2347dad9bd87,Kaitlin Davis,39,katie04@rose-dennis.com
bf312bc8-b560-41f0-a2c9-513ce8427139,Johnny Santiago,32,hhutchinson@gmail.com
4c24d5dc-32b2-497f-930a-84cd619b1ed5,Richard Horton,55,kaufmanbradley@gmail.com
a938046a-91db-459b-9bc1-9fc2f4ec4f37,Robert Garza,32,judy81@evans.net
0768e7b3-02f6-4975-8dab-ea858147dc4e,Jonathan Williams,41,lauramueller@chavez.biz
a22077b7-3312-4e9c-ae7a-7d0149a96d51,Philip Smith,23,derekryan@gmail.com
c0b24dd0-caa0-435f-9a2a-9c5b537085fd,Rhonda Simmons,77,bjones@gmail.com
6eb8cdbd-a0e1-4ae4-9892-0c66008b4d0a,Ryan Delgado,53,williamsdiane@baker.com
652380c6-0aee-4044-989a-8aaee5b54de5,Carrie Rodriguez,55,colonedward@lutz.biz
67815f92-b916-4731-8215-80a56199708f,Jason Jones DDS,47,ricepaul@yahoo.com
4997abe3-69a1-4f00-b732-369dd2aba3b5,Bradley Duffy,43,patrickeaton@ford.com
906336ec-59c2-4abe-972a-4cebc665d8c5,David Jones,78,tracy86@gmail.com
b41f3753-4943-4ee9-aa11-08eab3a073e6,David Ford,78,emily78@gmail.com
5a0f6a83-1e98-4424-b1aa-1059ea19b075,Brittney Hart,30,wandabridges@hotmail.com
99fe6816-1ea0-465f-874d-8e2d73c0127b,Amber Caldwell,36,keithpatrick@yahoo.com
4a7096e4-98bf-4e80-92bf-d9585929d7e8,Raymond White,36,cjordan@gmail.com
fff00d9c-f648-4bbc-8fd2-d47ed22811e3,David Moyer,41,fstewart@morales-pham.com
2f31357b-f5c4-4cd4-b339-18749ac7553d,Allison Morgan,63,john10@hotmail.com
4a33f49f-3eff-45a3-a0d6-6bf3276c8dbd,Diane Foster,78,mgraves@king-rodgers.info
c1c01976-f18f-4326-a67c-c3ed55795d93,Robert Black,63,robert08@martinez.com
867cfe97-d5ec-440c-80c8-46bf59b66b66,Jeremy Crawford,56,susanjackson@hotmail.com
4f368f14-8bf0-4687-9f7f-b13464e437cb,Fred Davis,74,andersonlatoya@martin-taylor.com
6ba6d9ae-8354-48c7-a4fc-41bd01a00cbf,Paul Dominguez,46,sheenahopkins@hotmail.com
6a0831c3-8ee2-4c75-acfb-29b71f04da18,James Schmidt,53,ortizdavid@fitzgerald-hill.com
e2a974b1-8ab3-422d-9835-b6661664505d,Dr. Rebecca Carter MD,23,jameskirk@brown.com
3b1fa981-725d-4d80-a3a8-af1e39cfdb0f,Katelyn Nelson,67,shepardpeter@bird.com
a24045d1-034d-4000-8724-a7eaa337b14e,Hannah Caldwell,68,theresahill@yahoo.com
16ec497b-d2f3-4d8a-a916-a16ecf06be77,Misty Hogan,68,dhunt@gmail.com
4cb8c6a9-202e-4db2-8c20-d9b21326ec84,Richard Gray,41,zbarker@yahoo.com
f0be5c55-5204-44ee-b445-3b960d417e8d,William Navarro,77,xsullivan@thompson.com
e930ca39-30da-4b9e-bd03-a7212ea6879b,Julie Perez,29,arichard@edwards.biz
89feb4c8-7ed4-4bb0-b354-af43c33e61cf,Terri Marquez,20,mosborn@williams-bryant.com
d6a914e7-eee7-42e9-9f32-a747cf398ee8,Daniel Johnson,45,vparsons@page.com
9ef38120-81d5-4b2e-8ba1-076813851533,Deborah Santos,58,wayneevans@chavez-lewis.info
fc9a7c66-4f8d-451f-a001-7585525408bc,Rachel Myers,75,willisdaniel@richmond.net
97997d7b-ce21-4cd9-a35b-9845fabb7ec0,Karen Wilson,55,farmerwendy@yahoo.com
7c54db59-0d4a-4450-a586-d769497633cb,Travis Miller,74,tara31@yahoo.com
a0d291e0-e391-4eb6-9c7d-f4fefdc1cb11,Jennifer Thomas,66,kmcdonald@gonzalez-harrison.org
e1a2e35c-ba30-402d-be41-075a06ddca92,Benjamin Pierce,23,dwheeler@yahoo.com
f23de30d-7336-4426-a9a5-08127cb3faba,Virginia Norris,27,zfloyd@gardner.com
3f742381-fdc1-451f-adc5-f31f89e08bf5,Alicia Harrison,35,omendoza@hicks-miller.com
292e9549-fb78-40b6-a627-b7ddc0778594,Andrew Johnson,49,andrewcarroll@yahoo.com
d0dd013d-8e26-4a69-93d4-e317ba6d1dcd,John Maynard,26,ruizdiane@yahoo.com
8921525b-f221-40ce-bc1c-b2cd718b3f34,Andrea Dunn,71,pamela02@ramirez.com
69ee4b71-9ba8-42ba-a0e3-cb8853319835,Regina Nguyen,37,fredericksolis@aguirre-patterson.com
4662c8b9-0f74-44e7-95f9-a39cd5527ec2,Christine Ross,60,stricklandbenjamin@hotmail.com
9794afd5-f2ec-4275-aaa0-44e3af89fbbc,Kayla Jennings,35,smithmarcus@mcdaniel.com
165c37f5-5e15-48b6-953a-8b28a00097c7,Mandy Lopez,44,xbest@gmail.com
3b2aab82-9fe4-4e1b-bb56-3025dfddfc95,Stephen Jenkins,37,nicolefisher@boyd-pham.info
2285e783-af3b-4c7d-b048-a7a67d1e9eae,Joseph Beck,65,xpoole@rodriguez.org
33e8496b-364f-45cf-8da1-045d6662a91a,Christopher Carlson,39,millerchristopher@yahoo.com
f4e01388-5f65-47b3-aa72-69b384f6dac6,Robert Mercado,54,michael75@murphy.com
e61c8c95-2d01-4e94-a193-34c3040719e3,Linda Perkins,73,samuel16@yahoo.com
55679c30-4721-4a83-8c84-c80cdde0e046,Deborah Hale,18,katherine70@hotmail.com
133cfe60-0711-466c-a55e-ddd0455dc442,Aaron Cunningham,75,walkeralexandra@hotmail.com
377f31fc-f22e-48fa-9b9f-7c026621d62b,Garrett Patterson,69,samanthastephens@house.com
3b44130b-09f4-4ac3-9ad6-cdf43ff939da,Andrew Shepard,80,mitchellandrew@hotmail.com
9362f934-868e-41ac-9990-0f73f55a4ade,Lindsay Mcknight,24,nshields@young-gomez.com
34137d52-3af2-4c4e-bd98-d856106ded76,Melissa Simmons,21,bbush@gonzalez.com
9a5afd9f-1156-4c8b-b711-e8f7bfe94d07,Roger Morales,80,jonathon29@willis-russell.org
df509799-be21-412f-a71c-bfeabecb5e07,Kevin Terry,80,simmonslaura@lopez-powell.com
cb5505a7-10f8-4de4-8986-d3e95e62344f,Kimberly Reed,64,michael62@myers.net
97266297-c0b1-4854-89fd-13767477b873,Shane Holmes,30,joshua87@bell.com
15993e63-f1d4-41cb-a056-42dff61123f4,Ariana Massey DDS,61,robertjohnson@gmail.com
dd30516a-f409-4359-8b7a-99ade389e7f5,Kelly Palmer,74,catherinemartinez@hotmail.com
26bbcb9f-0721-47e1-ac54-2697ccd9c46e,Todd Perry,71,wcampos@henderson.net
099645ee-26a7-4e62-b6e3-333e49eb03b4,Jeffrey Torres,30,parkerdaniel@rose.com
d752b8d6-ba87-4685-ab3e-a9277b4a9c95,Kathryn Brown,52,edward43@marshall.com
1f140daf-c3ea-4237-90c7-d820ed765e71,Allison Levine,38,qward@hotmail.com
a1508cdc-d8ae-4cb2-9152-e122670da7d1,Lindsay Mcconnell,61,whitney94@hotmail.com
c89bc938-c07a-4316-b188-22bc4d46d766,Kristy Marshall,76,erinhinton@cummings.org
4932c8be-a2a3-4c80-97e9-42b0dc759828,Kimberly Green,64,michaelgray@jones-becker.com
24a0fb55-89af-4252-a262-f88b1e8636a4,Tina Little,63,raymond75@armstrong.net
3f411be3-cebc-4dc6-a07d-620aa0df0d6e,Tammy Rodriguez,79,slambert@hays.com
0719a59e-a285-47e5-802f-672d8425e8d8,Kathleen Nguyen,73,jeffreyclark@walker-roth.com
d39fdf69-d370-4588-adab-52c7e2708c9f,Sandy Evans,24,tanya12@melton.net
82c111fa-35bc-4220-9f56-9b7df04236c2,Richard Gould,38,tracy30@newman-browning.com
807482e1-2225-4322-b691-54862133a96d,Stephen Gonzalez,57,tgarner@gmail.com
91b710d3-7da8-415c-8c09-c41c41bc69f2,Betty Edwards,69,zavalabonnie@hotmail.com
33d5fcea-c408-4e78-bc14-0f994471ed5e,Matthew Warren,39,nunezpaul@adams.org
7e3946e7-6c59-42db-a612-49524bd29df9,Joanne Henderson,23,watsonbenjamin@yahoo.com
761ec99b-2f98-4c55-a95d-9c09cbcb2ba5,William Miller,55,sullivanvicki@diaz.com
22573d00-784c-41e4-bd85-a79e2afd8257,James Strickland,31,stewartrobert@singleton.org
f9d146a2-85c6-4d83-8c8c-a282087d8ac3,Teresa Novak,25,erikanixon@hotmail.com
0b833245-87f0-46ec-96a7-f5494fed2678,Kayla Osborn,55,matthew67@gonzalez.org
ceb2a9e2-b119-4a28-81b9-ec31f4d282cb,Amanda Watkins,61,hnelson@gilmore.org
da30c9e5-696f-4478-8ffc-ccff4a80f722,Kevin Washington,40,davidmoore@hotmail.com
8efbeada-065c-4ecb-9588-fd303e9a30df,Michael Levine,24,bdaniel@hodge.biz
3069b415-f806-4ed0-a7e2-f930a46054ae,Michelle Heath,69,adam74@hotmail.com
d4b6d7a7-5b87-43e8-b690-2b58d7e8878b,Kenneth Mcgrath,22,perezanthony@yahoo.com
f750813c-5b74-42ab-b658-1c65c5801d58,Dylan Barnett,63,williamslisa@chapman-smith.org
3a96e049-3b42-4f46-9fba-252eb102bc88,John Johnson,72,johnsonnicole@yahoo.com
fcbde1fb-3348-434f-9e62-35d4b63df3b2,Heather Robbins,63,melanie76@guerrero-mcgee.biz
5a88b549-1878-421f-90b6-aaa4287a20fd,Janice Reed,40,jasminesmith@cummings.com
85713724-38a3-4f0e-a36c-06f1a2514973,Theresa Fisher,20,aguzman@giles.biz
3b076647-3581-4733-8382-73c4d918a36a,Jacqueline Melendez,21,smithcarol@yahoo.com
0c858c02-00d2-438e-8697-98cf01cc6fcc,Philip Thomas,67,holmesmichael@yahoo.com
8903595b-5cfa-4760-8990-651877c655cb,John Cervantes,79,wsmith@gmail.com
79f21308-ed5e-40dc-8064-f98034b81f7a,Scott Herrera,45,garyflynn@downs.com
1b70b7e1-d9f7-4fab-8ea4-62e5b3535994,Preston Sandoval,61,garciajuan@taylor.com
0dca5a2c-0a8a-4d42-a5d2-e35eebc1a2c9,Stacy Ray,50,cpierce@myers-davis.org
c15777f7-5dd4-42eb-8aa3-ce0d9970c924,Amanda Weber,23,robertreed@clarke-lawson.org
bde6de61-7e00-45a6-83a5-384d67f92f0a,Kyle Woodward,61,tmichael@gmail.com
892f2e38-ddf0-4e7f-a3f1-3155deaaa93e,Stephanie Gibson,19,joshuahughes@hall.com
5be81092-c647-4fb3-8718-46bc7333bcac,Thomas Thomas,78,lisaking@hotmail.com
6aec9903-0cde-4ff1-bc7d-d83325c2bf15,Jonathan Jones,59,gallagherandrew@diaz.org
75fa23ae-03b4-4b51-9b47-5fa7dad34ad8,Kayla Salazar,63,nelsonvanessa@harris.com
243b02ba-7bc0-453a-826f-912b6180bffb,Cassandra Diaz,73,sharonjordan@gmail.com
d5d4fdfc-ea9a-4d59-b51b-d3e6096fac02,Monica Peterson PhD,20,phillipmiller@garcia.org
063d464e-eb6e-432c-95b6-177ee154285f,Scott Brady,37,samueldavis@parrish.com
ae7b0cce-e9c8-4748-8f9b-17534d467ec2,Lisa Roth,54,gabriel57@warren.com
7b0a3fc9-3dff-4985-982b-ef7b716fd8f8,Alan Guerra,27,richard65@gmail.com
2d57f122-5427-4373-ace9-4cf291b1ad06,Natasha Fisher,41,hayesdaniel@hotmail.com
f5afd398-01f0-426e-8a0b-2f4747643fe3,John Bullock,57,gordonwaters@hotmail.com
e0731b32-1daa-42c5-9dfc-1d5508fe6412,Bruce Goodman,29,jerome04@summers.com
a2b2b4f9-91a6-4bdf-9455-f25a0fa9de73,Elizabeth Gutierrez,33,gcampbell@chavez.com
615a66dd-c942-4f7c-b372-72ba0de463e0,Laura Hopkins,74,newmantyler@yahoo.com
25bf1772-8893-4541-b1dd-3f463fdd6aa2,Billy Bates,43,wpatterson@yahoo.com
882fc5c0-defe-4e16-9fd8-1bbbf2ff7589,Zachary Hamilton,32,natashahoward@hotmail.com
c48bd259-05a5-42e0-9773-f43a1d594d02,Daniel Mann,47,wgreen@yahoo.com
bf90352e-89aa-4596-acc6-6451ca897afb,Justin Miller,37,isabel43@gmail.com
3a20caa6-9e3b-4f40-9873-4242b9e0bd4b,Brandon Peters,48,amolina@hotmail.com
b663dc3d-19fa-40c1-9ac9-fcd8bbe7df2e,Thomas Murray,57,lgreen@wilson.com
19ac5a9c-97a5-4c9c-b922-cc64d79641a0,Richard Ross,73,campbellkara@gmail.com
f28e3d76-3f3b-4c58-803c-52801819fb6b,Annette Sanchez,80,kevin72@hampton-gomez.com
c6cd4dbb-c92d-41aa-a0b0-ed6491a9c0bf,Laura Park,80,stephanie79@rogers.com
c6b33f5c-aa40-4a23-adc1-8558c6888e0e,Sean Hall,55,bryan72@glass.net
ea36e9e7-5eb8-4c52-9294-0f82beebac2d,Jeffrey Browning,70,simpsongary@jordan.com
54757f1b-a1bc-412b-8dbd-8197c97f015d,Xavier Leach,70,wrightlisa@maldonado.info
17bf650a-a042-4fae-b8cd-89b5d16a5a45,Faith Hess,76,whall@gmail.com
2f9a96cf-bfb3-493a-ba1f-71eaa005404c,Melissa Brooks,47,jenniferhammond@gmail.com
a5775e0d-f57f-41bf-8b5a-aaac67c66cb9,Jennifer Wagner,67,esparzaeric@yahoo.com
a6930921-b31f-488d-93c9-c2e7f06347ef,David Fitzgerald,50,tmartin@yahoo.com
45350971-8663-4b29-9088-706b0fa353fa,Michael Weaver,52,christopher54@phelps-rubio.com
47c6af02-5c08-4e37-ae7e-6384a3c9f68f,Mrs. Lisa Huff DVM,74,orozcolindsey@moore.org
e0b6c2b0-62bb-4da6-adc3-94ec298305c8,Matthew Goodman DVM,53,mking@crawford-smith.biz
ee41a0dc-fc19-49a8-8f62-333e893920ec,Shannon Johnson,38,fmiller@gmail.com
034fd2a4-7917-4a98-aa49-6a893d6a5115,Emily Patterson,41,burtonjeffrey@gmail.com
e141172f-abeb-4a7c-a267-5e1d03a14653,April Perry,42,lori90@gmail.com
5db73ddd-c2c7-4673-9ceb-54bca930b470,Danielle Keith,53,stevenmullen@hotmail.com
5ef8e243-3c58-48d4-980d-246d423efe8f,Nicole Peters,77,michael34@yahoo.com
487c71e8-362e-4edf-836d-73601dd6c259,Morgan Garcia,25,etaylor@yahoo.com
f63c6478-0142-473d-b04f-55fcc3ffb4d1,Robert Williams,71,barronkimberly@gmail.com
b14c16c3-d149-4e63-ba7c-6cbe467bc04b,John Martinez,52,hgray@garcia-carroll.biz
4f18e855-2c32-4127-bcb8-2cd79bf7bfe5,Adam Pollard,40,bernardandrea@yahoo.com
e8863a42-1ee0-4fec-ab94-1f8c677f5b5f,Kimberly Bullock DDS,28,heathercurtis@hotmail.com
350c7e3d-e4b8-46ea-93a8-6e6df9ea2b6b,Matthew Vega,69,robertsonbrian@jones-martin.org
a887f656-fd8a-435c-9dbb-4b971af3f704,Wesley West,35,bbeasley@stewart.com
35212f16-29c6-40f4-9bc1-8271d4a66f56,Steven Gallagher,52,jlawson@lopez-lambert.com
fdd46594-5f73-4bad-97ca-b4f1e68f373b,Gregory Thomas,51,millscourtney@yahoo.com
af1e8432-0ec4-444f-af1c-1285a3faf4b5,Andrew Peterson,34,sandra41@hebert-payne.info
1d6e2993-882c-4116-a8fb-94be780fec38,Michelle Khan,56,brownfernando@yahoo.com
23dde556-f9ad-4781-ab3e-e3a623d1c0ab,Gordon Castro,64,patrickalexandra@hotmail.com
fd1b3a44-6e4a-459f-96c0-d701c2f6bfa8,Carla Blair,76,jerry65@scott.com
1ccf80e2-6262-4576-accb-27ac3901cb46,Ronnie Baker,21,qbarker@mitchell-perez.org
5a117153-267b-46ac-a5e4-cd5293a42740,Alec Sellers,52,austinjohnson@frank-camacho.com
06223c08-7a8e-4cd6-bd7a-5fbae4d45778,Joanna Butler,72,marshallmatthew@hotmail.com
455e879a-726e-4a5e-8bb7-47fc1336686f,Timothy Blackwell,43,tbailey@odonnell.com
420f2181-9fe8-4c1a-ad72-73880613f75d,Timothy Williams,73,tlucas@gmail.com
b90f6393-0bbf-4518-a84f-449c8c42eaca,Steve Myers PhD,45,teresa12@harvey-bennett.biz
98dd2840-94fb-460a-9fb7-1f6f15d77f6b,Matthew Campos,52,qrobertson@nichols.com
1f124b0b-6ffe-4aac-99ac-cbacb53bbc67,Andrew Leon,63,suttondavid@jensen.com
ad9d5f5b-ec33-4d20-8269-641196cdedcd,Raymond Johnson,49,michaelwoods@hotmail.com
b98f8041-cc19-4270-b3a7-7f9ba81f84f2,Christina Simpson,38,ashley69@crawford.com
45da0ec2-3a02-42ae-a08b-8682e05955ca,Cindy Taylor,58,christopher41@gmail.com
83c1ee97-a9ac-4c65-b456-b7ed2848fccc,Omar Horne,57,marcus97@gmail.com
1e0b5d6f-d64e-4d88-8c55-b864d47737ee,Allen Trevino,69,usmith@yahoo.com
9163f27a-9a44-4459-a354-bb8c26d79290,Nancy Lopez,57,collinsalicia@henderson.net
b3e4a6a7-6df0-4e28-9f20-366a11edb469,Katie Phillips,44,roy77@gmail.com
fb6eb64b-9d37-48b4-aaf1-1ce48da7349e,Melinda Tate,51,sarahchapman@gmail.com
f1f0fa1a-e1c7-447b-b6fa-161b9e5b6d64,Kelly Cunningham,40,whenry@watkins-lawrence.com
31907d76-d84b-4418-adfe-618bf8378d0c,David Lowe,42,rdixon@lee-gutierrez.net
6b3a3c11-83c9-4da6-839c-78c3fe17a1e1,Mark Blankenship,42,katherine82@baker.com
b976cb88-01ab-4967-b769-bc9d4c8e541a,Daniel Herrera,29,ydean@yahoo.com
cbbed1d1-d6c2-4a40-9729-06ac712084e9,John Williams,73,teresamoore@yahoo.com
bf2856f8-c75c-40d1-8894-195ba8117d55,Richard Harper,75,sean61@lopez.com
88d0e035-be4e-4938-bf78-b97f46af6200,Laura Ellis,57,angela19@fowler-gardner.com
e5245622-6119-47bf-baf5-a5c07512ac1d,Daniel Figueroa,39,iweeks@douglas-ellison.com
08e7e060-ebcd-4e14-95d8-60a0dbca3489,Randall Boyd,26,kevans@hotmail.com
b55ed069-f124-456e-a63b-bfb5fd7a30a2,Kimberly Blevins,26,parrishsandra@hotmail.com
eae2171e-f6ee-4b65-8da7-7f5b76bb58a3,Nicholas Hendricks,69,murphyjose@taylor.org
deb18a72-2f23-4bbf-a61d-1a3c0647bb7a,Amy Moore,76,lovedennis@gmail.com
382a87b3-d7c4-4c9e-a095-b4f122764389,Christopher Landry,28,angela89@brown.org
2e27ad1d-3c72-4508-82e3-6b0c10d3f262,Richard Brown,58,anthonytucker@farrell.info
a20638b4-a986-42e1-a2a3-2ab22ce76d92,Amber Shelton,80,michellegardner@glass.com
549b9c85-3899-4379-956d-992f19eadd80,Kenneth Green,64,fitzgeralddanielle@gmail.com
660725d8-ef19-4afd-9b06-9e7672d88da1,Kaitlyn Fox,66,ereynolds@gmail.com
e3ce9998-7a1a-446d-aa17-c66766e5fbfc,Brian Shaw,20,annemccullough@novak.org
61cf6da6-5745-4e54-b5fa-00ad8a0705d2,Samuel Bennett Jr.,30,craigamanda@conrad.com
36567196-f9e8-436a-b6c7-577c4afaa964,Joseph Collins,25,rmorgan@yahoo.com
289db116-2c10-4232-923e-2655ea53d26a,Cynthia Fox,54,elizabethnunez@gmail.com
ca261018-ec79-4ad1-a0ad-a73e420e0343,Mark Smith,68,shayes@yahoo.com
857ba0fe-f2b5-424d-84ad-e9d19bf1a145,Crystal Johnson,41,cindy02@yahoo.com
22f87acf-e3ec-47c0-8521-2e19ffa050bd,Steven Ramirez,42,smithrachael@gmail.com
d31726b7-f381-43d5-b6d1-05f84dca026c,David Schwartz,72,summersalyssa@burgess.net
3661738c-a6e6-47fe-8ce0-02dc1eb51344,Curtis Little,71,newmanbrian@mercer-ellis.com
7d6af9b3-7895-4a8a-9462-541d8f68993e,Stephanie Caldwell,41,tgray@thompson.biz
2c36d010-fe62-4039-b45f-10c606b59001,Amber Shaffer,31,brian84@gmail.com
4865e47b-4b1e-4919-828e-2df41285133a,Michael Sanders,38,jay02@hotmail.com
7c54f353-cffb-4449-a313-876f4ba5934c,Shane Robbins,30,terrijones@moore.com
291d63d3-97ac-4987-86d3-f09cdc4e12bc,Robert Palmer,58,zacharyrowe@gmail.com
2ac1b73d-68b5-4b80-a7ce-9c354e2280dc,Jennifer Wolfe,25,emma25@gmail.com
da889f07-53f1-40a0-a157-c7a1b5bb83ff,Robert Hill,72,tparker@yahoo.com
eb5384af-e672-4156-9548-55010785210b,Catherine Peterson,46,marcusstanley@gmail.com
bbecf8de-949e-4d46-b306-a3a5ba5166a1,Erica Diaz,72,brittany65@white.info
4c6c2141-ec1d-44d2-8ebe-57111543a355,Allen Perez,51,wmeyer@rose.com
64b9e9a7-cab4-445a-8bdd-953db3a1b9c5,Eric Burnett,75,diana41@yahoo.com
b1d37c93-3a5d-4e9e-89f8-34a2b4b1156d,Sean Guerra,41,duncanjoseph@gmail.com
d17a43e5-47c2-4324-9655-00dd1b3468eb,Kevin Christian,41,juarezjorge@gmail.com
8d8871f7-107d-466b-b08e-1e466c18f502,Melanie Phillips,56,uallen@carpenter.com
bceb528b-3b6a-4ae2-95b0-f684fcd7c076,Kimberly Jackson DVM,44,kenneth16@gmail.com
25db049b-ca26-4b6c-8e78-d2fa30f1941f,Heather Taylor,49,john87@dominguez.org
826291fc-4837-4c7c-82f3-a5227221c4fa,Jasmine Roy,33,david36@gmail.com
3f88b609-c8a6-4fea-80a8-fb8a3bb3c038,Tracy Duncan,44,brookskyle@sandoval-smith.net
142c7690-4cae-4b2c-93f8-8ea22081d77b,Brittany Sanchez,56,vicki75@burch-nicholson.info
96cc8af9-788c-41a3-ab59-767583405e15,Jacqueline Fisher,76,laura27@thompson.org
9c3bfc77-340d-402d-ad3c-971adae716ff,Ross Garcia,60,laurieallen@rodriguez.com
2ea4ae60-59a7-4101-b005-e94ec88fcdbf,Jennifer Rodgers,40,reevesangelica@hotmail.com
e095cf28-2d31-44cd-83fe-905bc22094a7,Rebecca Ramirez,32,zspencer@avila.com
e542a2ee-243d-4579-81e4-20c9b6ad30b5,Michael Evans,52,butlerjean@yahoo.com
82a36ae9-8e97-43d0-b273-08bed105cf97,Paul Rodriguez,41,rgreen@yahoo.com
95b31777-b7c6-4612-bd7e-2a2a6fdefdd4,Douglas Garrett,41,hendersoneileen@rodriguez.com
f0839ccf-2116-46fa-a221-e68e87aba7b6,Brendan Pierce,54,munderwood@hotmail.com
f2227e22-a306-4300-a021-14782be1f6d6,Rita Green,40,garciabrandi@hotmail.com
2636f0fb-a596-4616-ab55-4b8789c3a2f5,Christopher Evans,65,kelly45@gmail.com
655653ea-dcad-4b03-bad3-a9370b7c7064,Kyle Williams,35,lambertthomas@gmail.com
5708ea73-a7b1-4256-ace7-9aa56e0accb5,Cheryl Smith,35,williamhahn@hudson-leon.info
b0bea008-5988-45eb-ad76-6c6d86395424,James Diaz,76,cbrown@fields-oconnor.com
1edc7b80-e511-4856-a441-bd79718f8aa9,Jason Hampton,30,nicole67@gmail.com
58eb27de-4408-4a37-a5fc-fba081fc2746,Jessica Savage,50,steven48@yahoo.com
f88809e5-0a3c-42f5-b216-cc0d118a9b41,Mary Mclaughlin,28,michaelmcguire@hotmail.com
9f124ab8-80a4-4ced-b012-c93a0eeed09a,Gina Odonnell,24,norrisjennifer@hotmail.com
4318414f-425a-4ef2-bac4-71f5b4cd32ad,Eric Taylor,47,asalinas@jackson.com
9a213778-e539-4d77-94a0-5fd26b554d93,Christopher Hernandez,56,sbray@hotmail.com
b1e458f3-89c2-4410-9c6c-0d01f505b997,Lisa Lindsey,31,clarkbethany@gmail.com
a9352357-d6ca-4d64-a911-74def2fc4579,Gina Williams,55,yeseniariggs@bowen-hudson.info
e4a2dda3-781c-4c7c-9002-959499101c15,David Conner,54,terrellwalter@burch.com
f0ce1f82-748f-4b9d-81d8-672ea9b35864,Andrea Rodriguez,77,chenrichard@simpson.com
be52881e-2c17-4cb5-92a1-884e0043254b,Luis Ortiz,56,zimmermanjoshua@yahoo.com
9420475e-4f25-49f2-aea9-c3b49481a2d8,Brian Campbell,35,fmarsh@gmail.com
9dac9bcb-2f6a-4d1d-83ed-c32c7944a699,Kenneth Johnson,76,dennislauren@hotmail.com
10877adc-8d58-45dc-a7b1-3aa6dfc2f341,Erica Cowan,69,james73@howard.info
18574d2a-96a9-4af0-9da4-c18b7d5a447c,James Barker,51,sara42@yahoo.com
5fa4aca5-477c-4ceb-96ea-b6073c8c75f0,Dr. Justin Fitzpatrick,67,mckenzievaldez@everett.net
71a25a51-c6d9-4756-8517-e62e8f5df1b4,Kevin Mitchell,52,cdavidson@mason-evans.biz
32d364aa-d7b2-46c5-a130-ad668418718b,Andrew Smith,32,hollywillis@hotmail.com
521ee40d-92bd-4a22-8918-34b71d1d9eba,Denise Rios,67,leah38@becker-rivera.com
62c971a7-8e82-4bf4-b950-e193a8552308,Jacqueline Doyle,24,johnsonvanessa@gmail.com
02633593-c8f4-40c8-956d-d4753471e3a4,Michael Davis,68,ramosjessica@garza.com
ab045466-479b-4c83-ac65-11795caf4835,Nicholas Jackson,55,jacksonsmith@gmail.com
57e953c5-5f06-464d-90db-b52b72666397,Cody Torres,75,sarahmorris@hotmail.com
8e6a2854-f360-4b9d-8036-92d16074c6f3,Ernest Cisneros,44,kimberlyvalencia@miller-baker.info
55b310fc-2859-4748-8088-0fd867f01195,Lisa Taylor,77,jessica14@mcconnell.com
e295e4cd-e28f-4561-b5c0-896683692c62,Victoria Jackson,62,cathy94@black.com
0195dce2-6ec7-4178-9f25-4a7b96f65b01,David Fleming,73,myoung@yahoo.com
1bbf3ff5-f28e-4d49-8594-ca3919da8e65,Amy Mitchell,76,rodriguezjohn@hotmail.com
a555a2ec-3499-47c9-b349-5fa6b831115d,Brittney Ruiz,78,ocontreras@thomas.info
7af64a14-9b8a-425a-bb54-3586e3abfc11,Kevin Marquez,67,dhughes@gmail.com
c7f8648d-1cad-44b5-98b5-32c17b9a19ea,Robin Reed,40,shannonmcdaniel@bond.com
ae1343c4-d0d6-4334-8cf8-1122de22b728,Larry Cohen,48,mirandanguyen@gmail.com
2126d028-6c29-4c67-8852-6341cd2fd6ee,Mary Taylor,59,pittmanbrenda@clark.com
895722b0-27f8-4ca8-b2cb-994092edeee4,Gabriel Gaines,18,marcusholmes@yahoo.com
aa85165e-de48-4ad7-8260-387f8a1f3283,Lisa Henry,63,simmonskatelyn@bell-compton.com
eeff6dcd-99af-43c9-8654-518e740e5b57,Christine Garrett,77,erandall@yahoo.com
4c7a6d75-22a1-41cd-aa1e-da56ac6b26c5,Lindsey Dean,74,lynncarrillo@yahoo.com
9ddf3f3c-72b1-429d-80cc-91f1447636cb,Mr. Andrew Thomas,71,yolanda03@gmail.com
611eb231-d49b-42fd-98bf-2c10e1b1047b,Angela Sutton,21,phillipwilliams@rhodes.com
f1282a0d-876a-49ee-b836-e49efc7fa391,Matthew Sweeney,54,ihorton@oneal.com
